candidate_name,url,constituency,party,criminal_cases,education,assets,liabilities,net_assets,ac_no,reservations,district,sub_region,filed_itr,declared_pan,serious_criminal_cases,gender,recontest_url,recontest_assets_this,recontest_assets_last,recontest_assets_change,recontest_remarks
ABDUL AZIZ,http://myneta.info/assam2006/candidate.php?candidate_id=189,Rupohihat,AGP,0,Graduate,1567320,0,1567320,85,GEN,NA,NA,,false,false,Male,,,,,
ABDUL HAI NAGORI,http://myneta.info/assam2006/candidate.php?candidate_id=21,Abhayapuri North,INC,0,Graduate Professional,763024,0,763024,34,GEN,NA,NA,,false,false,Male,,,,,
ABDUL JALIL,http://myneta.info/assam2006/candidate.php?candidate_id=172,Laharighat,AGP,0,Graduate,545000,0,545000,81,GEN,NA,NA,,false,false,Male,,,,,
ABDUL KHALEQUE,http://myneta.info/assam2006/candidate.php?candidate_id=9,Jania,INC,0,Post Graduate,1038031,51500,986531,44,GEN,NA,NA,,true,false,Male,,,,,
ABDUR RASHID MANDAL,http://myneta.info/assam2006/candidate.php?candidate_id=83,Goalpara West,INC,2,Graduate Professional,2727836,133092,2594744,38,GEN,NA,NA,,true,false,Male,,,,,
ABHIJIT HAZARIKA,http://myneta.info/assam2006/candidate.php?candidate_id=227,Rangapara,BJP,0,Post Graduate,5042325,0,5042325,74,GEN,NA,NA,,true,false,Male,,,,,
ABU TAHER BEPARI,http://myneta.info/assam2006/candidate.php?candidate_id=59,Golakganj,INC,0,Post Graduate,1714112,0,1714112,25,GEN,NA,NA,,true,false,Male,,,,,
ABUL KALAM HUSSAIN,http://myneta.info/assam2006/candidate.php?candidate_id=82,Goalpara East,AUDF,0,12th Pass,669000,0,669000,37,GEN,NA,NA,,false,false,Male,,,,,
AFTAB UDDIN  MOLLAH,http://myneta.info/assam2006/candidate.php?candidate_id=86,Jaleswar,INC,0,Post Graduate,1240212,224964,1015248,39,GEN,NA,NA,,true,false,Male,,,,,
AFZALUR RAHMAN,http://myneta.info/assam2006/candidate.php?candidate_id=85,Jaleswar,LKS,0,Graduate Professional,3602000,542000,3060000,39,GEN,NA,NA,,false,false,Male,,,,,
AHAMMAD ALI,http://myneta.info/assam2006/candidate.php?candidate_id=84,Goalpara West,AUDF,0,12th Pass,673500,0,673500,38,GEN,NA,NA,,false,false,Male,,,,,
AJANTA NEOG,http://myneta.info/assam2006/candidate.php?candidate_id=91,Golaghat,INC,0,Post Graduate,4671419,250040,4421379,95,GEN,NA,NA,,true,false,Female,,,,,
AJIT SINGH,http://myneta.info/assam2006/candidate.php?candidate_id=31,Udharbond,INC,0,Graduate,1690178,404184,1285994,12,GEN,NA,NA,,true,false,Male,,,,,
AKLIUS TIRKEY,http://myneta.info/assam2006/candidate.php?candidate_id=90,Sarupathar,INC,0,Graduate Professional,345000,0,345000,94,GEN,NA,NA,,false,false,Male,,,,,
AKON BORA,http://myneta.info/assam2006/candidate.php?candidate_id=127,Dispur,INC,0,Graduate,1660000,0,1660000,52,GEN,NA,NA,,true,false,Male,,,,,
ALAK KUMAR GHOSE,http://myneta.info/assam2006/candidate.php?candidate_id=110,Mariani,NCP,1,10th Pass,3682872,0,3682872,101,GEN,NA,NA,,true,false,Male,,,,,
ALAKA SARMA,http://myneta.info/assam2006/candidate.php?candidate_id=199,Nalbari,AGP,0,Doctorate,5561300,1196560,4364740,59,GEN,NA,NA,,true,false,Female,,,,,
ALHAJ KHALILUR RAHMAN CHOWDHURY,http://myneta.info/assam2006/candidate.php?candidate_id=180,Jamunamukh,AGP,0,Not Given,9843092,0,9843092,90,GEN,NA,NA,,true,false,Male,,,,,
ALI AKBAR MIAH,http://myneta.info/assam2006/candidate.php?candidate_id=62,Bilasipara West,NCP,2,Not Given,922936,0,922936,26,GEN,NA,NA,,false,true,Male,,,,,
ANANTA DEKA,http://myneta.info/assam2006/candidate.php?candidate_id=123,Rangiya,CPM,0,Post Graduate,641415,0,641415,57,GEN,NA,NA,,false,false,Male,,,,,
ANIL NATH,http://myneta.info/assam2006/candidate.php?candidate_id=98,Katlicherra,AUDF,0,10th Pass,480000,0,480000,7,GEN,NA,NA,,false,false,Male,,,,,
ANJAN DUTTA,http://myneta.info/assam2006/candidate.php?candidate_id=210,Amguri,INC,0,10th Pass,26254083,5399073,20855010,103,GEN,NA,NA,,true,false,Male,,,,,
ANUP PHUKAN,http://myneta.info/assam2006/candidate.php?candidate_id=73,Tingkhong,AGP,0,Post Graduate,1102787,649000,453787,119,GEN,NA,NA,,true,false,Male,,,,,
ANWARUL HOQUE,http://myneta.info/assam2006/candidate.php?candidate_id=149,Badarpur,AUDF,0,Graduate Professional,8024756,0,8024756,5,GEN,NA,NA,,true,false,Male,,,,,
ARDHENDU KR. DEY,http://myneta.info/assam2006/candidate.php?candidate_id=178,Hojai,INC,0,Graduate Professional,9268621,2560115,6708506,91,GEN,NA,NA,,true,false,Male,,,,,
ARJUN  DAS,http://myneta.info/assam2006/candidate.php?candidate_id=44,Mangaldoi,AUDF,0,Graduate,472619,78000,394619,67,SC,NA,NA,,false,false,Male,,,,,
AROTI HAZARIKA KACHARI,http://myneta.info/assam2006/candidate.php?candidate_id=102,Dergaon,INC,0,12th Pass,845608,0,845608,97,SC,NA,NA,,false,false,Female,,,,,
ATAUR RAHMAN MAZARBHUIYA,http://myneta.info/assam2006/candidate.php?candidate_id=37,Katigora,AUDF,0,12th Pass,1262837,382741,880096,15,GEN,NA,NA,,true,false,Male,,,,,
ATUL BORA,http://myneta.info/assam2006/candidate.php?candidate_id=92,Golaghat,AGP,0,Post Graduate,1338600,221483,1117117,95,GEN,NA,NA,,true,false,Male,,,,,
ATUL BORA,http://myneta.info/assam2006/candidate.php?candidate_id=128,Dispur,TNGP,0,Graduate,2495522,66869,2428653,52,GEN,NA,NA,,true,false,Male,,,,,
ATUL KUMAR SARMAH,http://myneta.info/assam2006/candidate.php?candidate_id=184,Samaguri,AGP,0,12th Pass,3696195,250000,3446195,88,GEN,NA,NA,,true,false,Male,,,,,
AUDESH KUMAR SINGH,http://myneta.info/assam2006/candidate.php?candidate_id=28,Sonai,BJP,0,Graduate,1335222,0,1335222,10,GEN,NA,NA,,true,false,Male,,,,,
AYODHYA RAM DAS,http://myneta.info/assam2006/candidate.php?candidate_id=24,Abhayapuri South,AUDF,0,Post Graduate,1314984,0,1314984,35,SC,NA,NA,,false,false,Male,,,,,
BADRUDDIN  AJMAL,http://myneta.info/assam2006/candidate.php?candidate_id=179,Jamunamukh,AUDF,0,12th Pass,144705336,0,144705336,90,GEN,NA,NA,,true,false,Male,,,,,
BADRUDDIN AJMAL,http://myneta.info/assam2006/candidate.php?candidate_id=53,Salmara South,AUDF,0,12th Pass,144695150,0,144695150,22,GEN,NA,NA,,true,false,Male,,,,,
BANDANA GOGOI,http://myneta.info/assam2006/candidate.php?candidate_id=94,Khumtai,INC,0,10th Pass,840029,6638,833391,96,GEN,NA,NA,,true,false,Female,,,,,
BANENDRA KUMAR MUSHAHARY,http://myneta.info/assam2006/candidate.php?candidate_id=58,Gauripur,AGP,0,12th Pass,3881439,236947,3644492,24,GEN,NA,NA,,true,false,Male,,,,,
BHABEN BORUAH,http://myneta.info/assam2006/candidate.php?candidate_id=78,Chabua,AGP,0,12th Pass,1361500,220000,1141500,121,GEN,NA,NA,,true,false,Male,,,,,
BHARAT CHANDRA NARAH,http://myneta.info/assam2006/candidate.php?candidate_id=165,Dhakuakhana,INC,0,Post Graduate,8877722,0,8877722,112,ST,NA,NA,,true,false,Male,,,,,
Bhimananda Tanti,http://myneta.info/assam2006/candidate.php?candidate_id=255,Dhekiajuli (Bye-election on 07-11-2009),INC,0,Graduate,780722,0,780722,71,GEN,NA,NA,,true,false,Male,,,,,
BHIMANANDA TANTI,http://myneta.info/assam2006/candidate.php?candidate_id=228,Rangapara,INC,0,Graduate,471118,0,471118,74,GEN,NA,NA,,false,false,Male,,,,,
BHUBANESWAR KALITA,http://myneta.info/assam2006/candidate.php?candidate_id=124,Rangiya,INC,0,Post Graduate,15596507,777186,14819321,57,GEN,NA,NA,,true,false,Male,,,,,
BHUBON PEGU,http://myneta.info/assam2006/candidate.php?candidate_id=49,Jonai,IND,0,10th Pass,112000,0,112000,114,ST,NA,NA,,false,false,Male,,,,,
BHUPEN KUMAR BORAH,http://myneta.info/assam2006/candidate.php?candidate_id=159,Bihpuria,INC,0,Post Graduate,2500320,0,2500320,109,GEN,NA,NA,,false,false,Male,,,,,
BHUPENDRA NATH BHUYAN,http://myneta.info/assam2006/candidate.php?candidate_id=88,Bokakhat,INC,0,Graduate Professional,515000,0,515000,93,GEN,NA,NA,,false,false,Male,,,,,
BIDYA SING ENGLENG,http://myneta.info/assam2006/candidate.php?candidate_id=137,Diphu,INC,0,Graduate,20122647,0,20122647,19,ST,NA,NA,,false,false,Male,,,,,
BIMOLANGSHU ROY,http://myneta.info/assam2006/candidate.php?candidate_id=26,Silchar,BJP,0,Graduate Professional,1976356,470862,1505494,9,GEN,NA,NA,,true,false,Male,,,,,
BINANDA KUMAR SAIKIA,http://myneta.info/assam2006/candidate.php?candidate_id=41,Sipajhar,INC,0,Post Graduate,946692,0,946692,66,GEN,NA,NA,,false,false,Male,,,,,
BINOD GOWALA.,http://myneta.info/assam2006/candidate.php?candidate_id=89,Sarupathar,AGP,0,Graduate,1675132,87360,1587772,94,GEN,NA,NA,,true,false,Male,,,,,
BISWARUP BHATTACHARJEE,http://myneta.info/assam2006/candidate.php?candidate_id=150,Badarpur,BJP,0,Graduate,90000,0,90000,5,GEN,NA,NA,,false,false,Male,,,,,
BITHIKA DEV,http://myneta.info/assam2006/candidate.php?candidate_id=25,Silchar,INC,0,12th Pass,58363590,0,58363590,9,GEN,NA,NA,,true,false,Female,,,,,
BIZIT SAIKIA,http://myneta.info/assam2006/candidate.php?candidate_id=226,Tezpur,INC,0,12th Pass,2088459,0,2088459,73,GEN,NA,NA,,true,false,Male,,,,,
BOLIN CHETIA,http://myneta.info/assam2006/candidate.php?candidate_id=245,Sadiya,INC,0,12th Pass,1267950,302000,965950,126,GEN,NA,NA,,true,false,Male,,,,,
BRINDABAN GOSWAMI,http://myneta.info/assam2006/candidate.php?candidate_id=224,Barchalla,AGP,0,Not Given,269618,0,269618,72,GEN,NA,NA,,true,false,Male,,,,,
BRINDABAN GOSWAMI,http://myneta.info/assam2006/candidate.php?candidate_id=225,Tezpur,AGP,0,Graduate,723618,0,723618,73,GEN,NA,NA,,true,false,Male,,,,,
CAPTAIN ROBIN BORDOLOI,http://myneta.info/assam2006/candidate.php?candidate_id=129,Gauhati East,INC,0,Graduate,2759500,0,2759500,53,GEN,NA,NA,,true,false,Male,,,,,
CHANDAN BRAHMA,http://myneta.info/assam2006/candidate.php?candidate_id=157,Sidli,IND,0,Graduate,1477497,0,1477497,31,ST,NA,NA,,true,false,Male,,,,,
CHANDI BASUMATARY,http://myneta.info/assam2006/candidate.php?candidate_id=197,Tamulpur,IND,0,Graduate,697865,0,697865,58,GEN,NA,NA,,false,false,Male,,,,,
CHANDRA MOHAN PATOWARY,http://myneta.info/assam2006/candidate.php?candidate_id=203,Dharmapur,AGP,0,Post Graduate,3717200,0,3717200,61,GEN,NA,NA,,true,false,Male,,,,,
CHITRALEKHA PHUKAN,http://myneta.info/assam2006/candidate.php?candidate_id=186,Barhampur,INC,0,10th Pass,2276127,0,2276127,87,GEN,NA,NA,,true,false,Female,,,,,
DEBEN DAIMARY,http://myneta.info/assam2006/candidate.php?candidate_id=79,Dudhnai,INC,0,12th Pass,2930795,0,2930795,36,ST,NA,NA,,true,false,Male,,,,,
DIGANTA RABHA,http://myneta.info/assam2006/candidate.php?candidate_id=80,Dudhnai,AGP,0,Graduate,792835,87363,705472,36,ST,NA,NA,,false,false,Male,,,,,
DILDAR REZZA,http://myneta.info/assam2006/candidate.php?candidate_id=11,Baghbar,INC,0,10th Pass,1504272,365765,1138507,45,GEN,NA,NA,,true,false,Male,,,,,
DINESH CHANDRA SARKER,http://myneta.info/assam2006/candidate.php?candidate_id=60,Golakganj,BJP,0,Graduate,267593,575875,-308282,25,GEN,NA,NA,,false,false,Male,,,,,
DINESH PRASAD GOALA,http://myneta.info/assam2006/candidate.php?candidate_id=33,Lakhipur,INC,0,Post Graduate,7799495,2252288,5547207,13,GEN,NA,NA,,true,false,Male,,,,,
DR. ADITYA  LANGTHASA,http://myneta.info/assam2006/candidate.php?candidate_id=177,Hojai,AUDF,0,Post Graduate,989696,300000,689696,91,GEN,NA,NA,,true,false,Male,,,,,
DR. ANANDA RAM BARUAH,http://myneta.info/assam2006/candidate.php?candidate_id=176,Raha,INC,0,Graduate,453430,0,453430,82,SC,NA,NA,,true,false,Male,,,,,
DR. DURLAV CHANDRA CHAMUA,http://myneta.info/assam2006/candidate.php?candidate_id=188,Nowgong,INC,0,Graduate Professional,2182432,0,2182432,86,GEN,NA,NA,,true,false,Male,,,,,
DR. HEMO PRAVA SAIKIA,http://myneta.info/assam2006/candidate.php?candidate_id=212,Nazira,INC,0,Doctorate,2884650,208388,2676262,104,GEN,NA,NA,,true,false,Female,,,,,
DR. IDRIS ALI,http://myneta.info/assam2006/candidate.php?candidate_id=194,Dhing,INC,0,Doctorate,4063644,0,4063644,83,GEN,NA,NA,,true,false,Male,,,,,
DR. KALYAN KUMAR GOGOI,http://myneta.info/assam2006/candidate.php?candidate_id=68,Dibrugarh,INC,0,Graduate Professional,15800319,472500,15327819,116,GEN,NA,NA,,true,false,Male,,,,,
DR. KAMALA KANTA KALITA,http://myneta.info/assam2006/candidate.php?candidate_id=115,Chaygaon,AGP,0,Graduate Professional,12393204,230455,12162749,49,GEN,NA,NA,,true,false,Male,,,,,
DR. MANORANJAN DAS,http://myneta.info/assam2006/candidate.php?candidate_id=3,Bhabanipur,AGP,0,Doctorate,255172,365274,-110102,41,GEN,NA,NA,,true,false,Male,,,,,
DR. MOTIUR ROHMAN MONDAL,http://myneta.info/assam2006/candidate.php?candidate_id=51,Mankachar,IND,0,Graduate Professional,2177574,200000,1977574,21,GEN,NA,NA,,false,false,Male,,,,,
DR. NAZRUL ISLAM,http://myneta.info/assam2006/candidate.php?candidate_id=171,Laharighat,INC,0,Graduate Professional,12159770,3617297,8542473,81,GEN,NA,NA,,true,false,Male,,,,,
DR.BHUMIDHAR BARMAN,http://myneta.info/assam2006/candidate.php?candidate_id=201,Barkhetry,INC,0,Graduate Professional,7924818,156250,7768568,60,GEN,NA,NA,,true,false,Male,,,,,
DR.MALAYA BORMAN,http://myneta.info/assam2006/candidate.php?candidate_id=5,Patacharkuchi,INC,0,Doctorate,5830000,0,5830000,42,GEN,NA,NA,,true,false,Female,,,,,
DR.MANSING RONGPI,http://myneta.info/assam2006/candidate.php?candidate_id=139,Baithalangso,INC,0,Graduate,1713000,0,1713000,20,ST,NA,NA,,false,false,Male,,,,,
DRUPAD BORGOHAIN,http://myneta.info/assam2006/candidate.php?candidate_id=211,Nazira,CPI,0,Graduate,482162,0,482162,104,GEN,NA,NA,,true,false,Male,,,,,
DULAL CHANDRA GHOSH,http://myneta.info/assam2006/candidate.php?candidate_id=81,Goalpara East,NCP,0,Graduate,521464,0,521464,37,GEN,NA,NA,,false,false,Male,,,,,
EKRAMUL MAZID,http://myneta.info/assam2006/candidate.php?candidate_id=190,Rupohihat,AUDF,0,Post Graduate,105000,0,105000,85,GEN,NA,NA,,false,false,Male,,,,,
ETUWA MUNDA,http://myneta.info/assam2006/candidate.php?candidate_id=74,Tingkhong,INC,0,Graduate,1227753,0,1227753,119,GEN,NA,NA,,true,false,Male,,,,,
GAJENDRA BARMAN,http://myneta.info/assam2006/candidate.php?candidate_id=20,Bijni,CPM,0,Post Graduate,69992,0,69992,33,GEN,NA,NA,,false,false,Male,,,,,
GANESH KUTUM,http://myneta.info/assam2006/candidate.php?candidate_id=236,Gohpur,Asom Gana Parishad Pragtisheel,0,Post Graduate,6984835,601448,6383387,78,GEN,NA,NA,,false,false,Male,,,,,
GAUTAM BORA,http://myneta.info/assam2006/candidate.php?candidate_id=191,Batadroba,INC,0,Graduate,3658187,0,3658187,84,GEN,NA,NA,,true,false,Male,,,,,
GAUTAM ROY,http://myneta.info/assam2006/candidate.php?candidate_id=97,Katlicherra,INC,0,Graduate,3779810,0,3779810,7,GEN,NA,NA,,true,false,Male,,,,,
GHANA BURAGOHAIN,http://myneta.info/assam2006/candidate.php?candidate_id=163,Lakhimpur,INC,0,Graduate,2703809,0,2703809,111,GEN,NA,NA,,false,false,Male,,,,,
GIRINDRA KUMAR BORUAH,http://myneta.info/assam2006/candidate.php?candidate_id=187,Nowgong,AGP,0,Post Graduate,2540012,166720,2373292,86,GEN,NA,NA,,true,false,Male,,,,,
GIRISH BARUAH,http://myneta.info/assam2006/candidate.php?candidate_id=18,Bongaigaon,INC,0,10th Pass,50205,0,50205,32,GEN,NA,NA,,false,false,Male,,,,,
GOBINDA CH. LANGTHASA,http://myneta.info/assam2006/candidate.php?candidate_id=173,Haflong,INC,0,10th Pass,3009712,0,3009712,16,ST,NA,NA,,false,false,Male,,,,,
GOPI NATH DAS,http://myneta.info/assam2006/candidate.php?candidate_id=114,Boko,INC,0,Graduate,1625211,0,1625211,48,SC,NA,NA,,true,false,Male,,,,,
GUNESWAR DAS,http://myneta.info/assam2006/candidate.php?candidate_id=175,Raha,AUDF,0,10th Pass,338304,158400,179904,82,SC,NA,NA,,false,false,Male,,,,,
GUNINDRA NATH DAS,http://myneta.info/assam2006/candidate.php?candidate_id=7,Barpeta,AGP,0,Graduate,3135600,1220437,1915163,43,GEN,NA,NA,,true,false,Male,,,,,
HAFIZ BASHIR AHMED,http://myneta.info/assam2006/candidate.php?candidate_id=61,Bilasipara West,AUDF,0,Post Graduate,1200526,0,1200526,26,GEN,NA,NA,,true,false,Male,,,,,
HAREN DAS,http://myneta.info/assam2006/candidate.php?candidate_id=120,Hajo,INC,0,Doctorate,3606947,617286,2989661,55,GEN,NA,NA,,true,false,Male,,,,,
HAZI SALIM UDDIN BARBHUIYA,http://myneta.info/assam2006/candidate.php?candidate_id=95,Hailakandi,AUDF,1,10th Pass,435540,0,435540,6,GEN,NA,NA,,false,true,Male,,,,,
HEMENDRA NATH BRAHMA,http://myneta.info/assam2006/candidate.php?candidate_id=154,Kokrajhar West,IND,0,Post Graduate,440000,0,440000,29,ST,NA,NA,,false,false,Male,,,,,
HIDDHINATH RONGPI,http://myneta.info/assam2006/candidate.php?candidate_id=134,Bokajan,INC,0,Graduate,1475000,0,1475000,17,ST,NA,NA,,true,false,Male,,,,,
HIMANTA BISWA SARMA,http://myneta.info/assam2006/candidate.php?candidate_id=125,Jalukbari,INC,0,Post Graduate,10230923,696854,9534069,51,GEN,NA,NA,,true,false,Male,,,,,
HIRANYA KUMAR KONWAR,http://myneta.info/assam2006/candidate.php?candidate_id=214,Mahmara,AGP,0,Post Graduate,471673,678606,-206933,105,GEN,NA,NA,,true,false,Male,,,,,
HIREN DAS,http://myneta.info/assam2006/candidate.php?candidate_id=43,Mangaldoi,AGP,0,Graduate,2653073,0,2653073,67,SC,NA,NA,,false,false,Male,,,,,
HITENDRA NATH GOSWAMI,http://myneta.info/assam2006/candidate.php?candidate_id=104,Jorhat,AGP,0,Post Graduate,3703003,454057,3248946,98,GEN,NA,NA,,true,false,Male,,,,,
HOLIRAM TERANG,http://myneta.info/assam2006/candidate.php?candidate_id=140,Baithalangso,Autonomous State Demand Committee,0,Graduate,3121357,159905,2961452,20,ST,NA,NA,,false,false,Male,,,,,
ILIAS ALI,http://myneta.info/assam2006/candidate.php?candidate_id=45,Dalgaon,IND,0,10th Pass,235134,0,235134,68,GEN,NA,NA,,true,false,Male,,,,,
ISMAIL HUSSAIN,http://myneta.info/assam2006/candidate.php?candidate_id=8,Barpeta,INC,0,Post Graduate,5474770,354414,5120356,43,GEN,NA,NA,,true,false,Male,,,,,
ISRAIL NANDA,http://myneta.info/assam2006/candidate.php?candidate_id=238,Tinsukia,AGP,0,12th Pass,508387,130722,377665,122,GEN,NA,NA,,true,false,Male,,,,,
JAGADISH BHUYAN,http://myneta.info/assam2006/candidate.php?candidate_id=246,Sadiya,AGP,0,Post Graduate,3379000,722696,2656304,126,GEN,NA,NA,,false,false,Male,,,,,
JAGAT SING ENGTI,http://myneta.info/assam2006/candidate.php?candidate_id=133,Bokajan,Autonomous State Demand Committee,0,Graduate,1624384,0,1624384,17,ST,NA,NA,,false,false,Male,,,,,
JAMAN SINGH BRAHMA,http://myneta.info/assam2006/candidate.php?candidate_id=250,Udalguri,INC,0,Graduate,4660180,65000,4595180,69,ST,NA,NA,,true,false,Male,,,,,
JATIN MALI,http://myneta.info/assam2006/candidate.php?candidate_id=118,Palasbari,AGP,0,Post Graduate,303909,481000,-177091,50,GEN,NA,NA,,false,false,Male,,,,,
JIBANTARA GHATOWAR,http://myneta.info/assam2006/candidate.php?candidate_id=65,Moran,INC,0,10th Pass,6787257,450008,6337249,115,GEN,NA,NA,,true,false,Female,,,,,
JITEN GOGOI,http://myneta.info/assam2006/candidate.php?candidate_id=87,Bokakhat,IND,0,8th Pass,13659020,900000,12759020,93,GEN,NA,NA,,true,false,Male,,,,,
JITU KISSAN,http://myneta.info/assam2006/candidate.php?candidate_id=252,Majbat,AUDF,0,Graduate,100786,0,100786,70,GEN,NA,NA,,false,false,Male,,,,,
JONJONALI BARUAH,http://myneta.info/assam2006/candidate.php?candidate_id=169,Marigaon,INC,0,Graduate,18774794,3112702,15662092,80,GEN,NA,NA,,true,false,Female,,,,,
JOSEPH TOPPO,http://myneta.info/assam2006/candidate.php?candidate_id=221,Dhekiajuli,AGP,0,10th Pass,287619,199968,87651,71,GEN,NA,NA,,true,false,Male,,,,,
JYOTI PRASAD DAS,http://myneta.info/assam2006/candidate.php?candidate_id=113,Boko,AGP,0,Graduate,1463327,339944,1123383,48,SC,NA,NA,,true,false,Male,,,,,
K.M. BAHARUL ISLAM,http://myneta.info/assam2006/candidate.php?candidate_id=144,Patharkandi,AUDF,0,Doctorate,1919402,0,1919402,2,GEN,NA,NA,,true,false,Male,,,,,
KAMAKHYA PRASAD MALA,http://myneta.info/assam2006/candidate.php?candidate_id=30,Dholai,IND,1,Not Given,684810,0,684810,11,SC,NA,NA,,false,false,Male,,,,,
KAMAL SHING NARZARY,http://myneta.info/assam2006/candidate.php?candidate_id=19,Bijni,IND,0,Graduate,1037221,0,1037221,33,GEN,NA,NA,,false,false,Male,,,,,
KAMALENDU BHATTACHARJEE,http://myneta.info/assam2006/candidate.php?candidate_id=32,Udharbond,IND,0,Post Graduate,16610808,1490576,15120232,12,GEN,NA,NA,,false,false,Male,,,,,
KAMALESWAR MEDHI,http://myneta.info/assam2006/candidate.php?candidate_id=14,Sarukhetri,AGP,0,8th Pass,4638487,884928,3753559,46,GEN,NA,NA,,true,false,Male,,,,,
KAMALI BASUMATARI,http://myneta.info/assam2006/candidate.php?candidate_id=247,Panery,IND,0,10th Pass,464217,270870,193347,64,GEN,NA,NA,,false,false,Female,,,,,
KANAK CHANDRA BARO,http://myneta.info/assam2006/candidate.php?candidate_id=4,Bhabanipur,IND,0,10th Pass,257000,0,257000,41,GEN,NA,NA,,false,false,Male,,,,,
KARENDRA BASUMATARY,http://myneta.info/assam2006/candidate.php?candidate_id=251,Majbat,IND,0,Graduate,1878424,0,1878424,70,GEN,NA,NA,,false,false,Male,,,,,
KARTIK SENA SINHA,http://myneta.info/assam2006/candidate.php?candidate_id=143,Patharkandi,BJP,0,12th Pass,53014268,13625600,39388668,2,GEN,NA,NA,,true,false,Male,,,,,
KESHAB MAHANTA,http://myneta.info/assam2006/candidate.php?candidate_id=181,Kaliabor,AGP,0,Post Graduate,4917390,250382,4667008,89,GEN,NA,NA,,true,false,Male,,,,,
KESHARAM BORA,http://myneta.info/assam2006/candidate.php?candidate_id=160,Bihpuria,AGP,0,Graduate,1051180,0,1051180,109,GEN,NA,NA,,false,false,Male,,,,,
KETAKI PRASAD DUTTA,http://myneta.info/assam2006/candidate.php?candidate_id=146,Karimganj North,INC,0,Graduate,1042922,0,1042922,3,GEN,NA,NA,,false,false,Male,,,,,
KHOR SING ENGTI,http://myneta.info/assam2006/candidate.php?candidate_id=135,Howraghat,INC,0,Graduate,1470191,0,1470191,18,ST,NA,NA,,false,false,Male,,,,,
KULA DAS,http://myneta.info/assam2006/candidate.php?candidate_id=108,Titabar,CPI,0,Graduate,281,0,281,100,GEN,NA,NA,,false,false,Male,,,,,
KUSHAL DOWARI,http://myneta.info/assam2006/candidate.php?candidate_id=217,Thowra,IND,6,10th Pass,14318000,928044,13389956,107,GEN,NA,NA,,true,true,Male,,,,,
KUTUB AHMED MAZUMDER,http://myneta.info/assam2006/candidate.php?candidate_id=27,Sonai,INC,0,Graduate,186000,0,186000,10,GEN,NA,NA,,false,false,Male,,,,,
LAKHESWAR MORAN,http://myneta.info/assam2006/candidate.php?candidate_id=242,Margherita,AGP,0,5th Pass,1095464,374280,721184,124,GEN,NA,NA,,false,false,Male,,,,,
LIAKAT ALI KHAN,http://myneta.info/assam2006/candidate.php?candidate_id=15,Chenga,AGP,0,Graduate,787300,55000,732300,47,GEN,NA,NA,,false,false,Male,,,,,
LOUIS ISLARY,http://myneta.info/assam2006/candidate.php?candidate_id=158,Sidli,IND,0,Post Graduate,377216,0,377216,31,ST,NA,NA,,true,false,Male,,,,,
MADAN KALITA,http://myneta.info/assam2006/candidate.php?candidate_id=200,Nalbari,INC,0,Graduate,5115533,344000,4771533,59,GEN,NA,NA,,true,false,Male,,,,,
MAHESH KUMAR DOLEY,http://myneta.info/assam2006/candidate.php?candidate_id=166,Dhakuakhana,AGP,0,Graduate,85117,0,85117,112,ST,NA,NA,,false,false,Male,,,,,
MAHESWAR BARO,http://myneta.info/assam2006/candidate.php?candidate_id=39,Kalaigaon,IND,1,12th Pass,65000,0,65000,65,GEN,NA,NA,,false,false,Male,,,,,
MAJENDRA NARZARY,http://myneta.info/assam2006/candidate.php?candidate_id=152,Gossaigaon,IND,0,Graduate,839162,25167,813995,28,GEN,NA,NA,,false,false,Male,,,,,
MAMONI BORA,http://myneta.info/assam2006/candidate.php?candidate_id=192,Batadroba,AGP,1,Graduate,855000,50000,805000,84,GEN,NA,NA,,false,false,Female,,,,,
MANESWAR BRAHMA,http://myneta.info/assam2006/candidate.php?candidate_id=205,Barama,IND,0,Graduate,265944,0,265944,62,ST,NA,NA,,true,false,Male,,,,,
MANORANJAN DAS,http://myneta.info/assam2006/candidate.php?candidate_id=6,Patacharkuchi,BJP,0,Post Graduate,3462525,126003,3336522,42,GEN,NA,NA,,true,false,Male,,,,,
MATILAL RAY,http://myneta.info/assam2006/candidate.php?candidate_id=142,Ratabari,AUDF,0,12th Pass,50000,0,50000,1,SC,NA,NA,,false,false,Male,,,,,
MAYA CHAKRABORTY,http://myneta.info/assam2006/candidate.php?candidate_id=196,Lumding,INC,0,Graduate,3377080,0,3377080,92,GEN,NA,NA,,true,false,Female,,,,,
MAZIBUR RAHMAN,http://myneta.info/assam2006/candidate.php?candidate_id=46,Dalgaon,AUDF,0,Graduate Professional,554677,0,554677,68,GEN,NA,NA,,false,false,Male,,,,,
MEMBAR GOGOI,http://myneta.info/assam2006/candidate.php?candidate_id=111,Teok,INC,0,Graduate Professional,3018000,270860,2747140,102,GEN,NA,NA,,true,false,Male,,,,,
MISBAUL ISLAM LASKAR,http://myneta.info/assam2006/candidate.php?candidate_id=36,Barkhola,INC,0,Graduate Professional,11563897,0,11563897,14,GEN,NA,NA,,true,false,Male,,,,,
MISSION RANJAN DAS,http://myneta.info/assam2006/candidate.php?candidate_id=145,Karimganj North,BJP,0,Graduate Professional,371900,150000,221900,3,GEN,NA,NA,,false,false,Male,,,,,
MOBARAK ALI PATHAN,http://myneta.info/assam2006/candidate.php?candidate_id=193,Dhing,AUDF,0,10th Pass,2008063,0,2008063,83,GEN,NA,NA,,true,false,Male,,,,,
MOHIBUL HAQUE,http://myneta.info/assam2006/candidate.php?candidate_id=57,Gauripur,IND,0,Post Graduate,807000,0,807000,24,GEN,NA,NA,,true,false,Male,,,,,
MOZIBOR RAHMAN KHAN,http://myneta.info/assam2006/candidate.php?candidate_id=10,Jania,AUDF,0,Graduate,120000,0,120000,44,GEN,NA,NA,,false,false,Male,,,,,
MRITYUNJOY CHAKRAVORTY,http://myneta.info/assam2006/candidate.php?candidate_id=96,Hailakandi,BJP,0,Graduate,159000,0,159000,6,GEN,NA,NA,,false,false,Male,,,,,
MUKUNDA RAM CHOUDHURY,http://myneta.info/assam2006/candidate.php?candidate_id=40,Kalaigaon,AGP,0,Graduate Professional,6188340,1082,6187258,65,GEN,NA,NA,,true,false,Male,,,,,
MUNIN MAHANTA,http://myneta.info/assam2006/candidate.php?candidate_id=170,Marigaon,CPI,0,Graduate,659788,0,659788,80,GEN,NA,NA,,true,false,Male,,,,,
NAGEN GOWALA,http://myneta.info/assam2006/candidate.php?candidate_id=234,Behali,INC,0,Graduate,179000,0,179000,77,GEN,NA,NA,,false,false,Male,,,,,
NAZIBUL UMAR,http://myneta.info/assam2006/candidate.php?candidate_id=56,Dhubri,INC,0,10th Pass,2329094,0,2329094,23,GEN,NA,NA,,true,false,Male,,,,,
NILAKSHI TALUKDAR,http://myneta.info/assam2006/candidate.php?candidate_id=132,Gauhati West,INC,0,10th Pass,4058319,0,4058319,54,GEN,NA,NA,,true,false,Female,,,,,
NILAMANI SEN DEKA,http://myneta.info/assam2006/candidate.php?candidate_id=204,Dharmapur,INC,0,Graduate Professional,4712501,0,4712501,61,GEN,NA,NA,,true,false,Male,,,,,
NURJAMAL SARKAR,http://myneta.info/assam2006/candidate.php?candidate_id=232,Biswanath,INC,0,Post Graduate,2668828,408247,2260581,76,GEN,NA,NA,,true,false,Male,,,,,
NURUL HUSSAIN,http://myneta.info/assam2006/candidate.php?candidate_id=119,Hajo,AGP,0,Graduate Professional,1081956,200000,881956,55,GEN,NA,NA,,true,false,Male,,,,,
PADMA HAZARIKA,http://myneta.info/assam2006/candidate.php?candidate_id=229,Sootea,AGP,0,12th Pass,6219307,183977,6035330,75,GEN,NA,NA,,true,false,Male,,,,,
PADMA MAIBANGSA,http://myneta.info/assam2006/candidate.php?candidate_id=138,Diphu,IND,1,Graduate,454956,0,454956,19,ST,NA,NA,,false,true,Male,,,,,
PADMESWAR DOLEY,http://myneta.info/assam2006/candidate.php?candidate_id=106,Majuli,IND,1,Graduate,176319,0,176319,99,ST,NA,NA,,false,false,Male,,,,,
PADUM BAHADUR CHAUHAN,http://myneta.info/assam2006/candidate.php?candidate_id=198,Tamulpur,AGP,0,Post Graduate,531278,0,531278,58,GEN,NA,NA,,false,false,Male,,,,,
PANIRAM RABHA,http://myneta.info/assam2006/candidate.php?candidate_id=206,Barama,INC,0,Graduate,1765294,309763,1455531,62,ST,NA,NA,,true,false,Male,,,,,
PARAG JYOTI BARUAH,http://myneta.info/assam2006/candidate.php?candidate_id=66,Moran,AGP,0,Graduate,154000,0,154000,115,GEN,NA,NA,,true,false,Male,,,,,
PARAMANANDA SONOWAL,http://myneta.info/assam2006/candidate.php?candidate_id=48,Dhemaji,AGP,0,Post Graduate,334446,0,334446,113,ST,NA,NA,,true,false,Male,,,,,
PARAMESWAR BRAHMA,http://myneta.info/assam2006/candidate.php?candidate_id=153,Kokrajhar West,IND,0,Post Graduate,3745112,0,3745112,29,ST,NA,NA,,true,false,Male,,,,,
PARIMAL SUKLABAIDYA,http://myneta.info/assam2006/candidate.php?candidate_id=29,Dholai,BJP,0,Graduate,264500,225000,39500,11,SC,NA,NA,,false,false,Male,,,,,
PHANI BHUSAN CHOUDHURY,http://myneta.info/assam2006/candidate.php?candidate_id=17,Bongaigaon,AGP,0,Graduate,3699749,266640,3433109,32,GEN,NA,NA,,true,false,Male,,,,,
PRABIN HAZARIKA,http://myneta.info/assam2006/candidate.php?candidate_id=231,Biswanath,AGP,0,Graduate,2401662,168516,2233146,76,GEN,NA,NA,,true,false,Male,,,,,
PRADAN BARUAH,http://myneta.info/assam2006/candidate.php?candidate_id=50,Jonai,INC,0,10th Pass,807758,789958,17800,114,ST,NA,NA,,false,false,Male,,,,,
PRADIP BURAGOHAIN,http://myneta.info/assam2006/candidate.php?candidate_id=76,Naharkatia,IND,0,12th Pass,9736826,241500,9495326,120,GEN,NA,NA,,true,false,Male,,,,,
PRADIP PAUL,http://myneta.info/assam2006/candidate.php?candidate_id=38,Katigora,INC,0,12th Pass,799000,400000,399000,15,GEN,NA,NA,,true,false,Male,,,,,
PRADYUT BORDOLOI,http://myneta.info/assam2006/candidate.php?candidate_id=241,Margherita,INC,0,Post Graduate,6884817,1810056,5074761,124,GEN,NA,NA,,true,false,Male,,,,,
PRAFULLA KUMAR MAHANTA,http://myneta.info/assam2006/candidate.php?candidate_id=185,Barhampur,Asom Gana Parishad Pragtisheel,0,Graduate Professional,21076629,229966,20846663,87,GEN,NA,NA,,true,false,Male,,,,,
PRAKANTA WARISA,http://myneta.info/assam2006/candidate.php?candidate_id=174,Haflong,Autonomous State Demand Committee,1,Post Graduate,300975,0,300975,16,ST,NA,NA,,false,false,Male,,,,,
PRANAB GOGOI,http://myneta.info/assam2006/candidate.php?candidate_id=219,Sibsagar,INC,0,Graduate Professional,5879078,275036,5604042,108,GEN,NA,NA,,true,false,Male,,,,,
PRANAB KALITA,http://myneta.info/assam2006/candidate.php?candidate_id=117,Palasbari,IND,0,Post Graduate,2196582,0,2196582,50,GEN,NA,NA,,true,false,Male,,,,,
PRANABJIT CHALIHA (ROMU),http://myneta.info/assam2006/candidate.php?candidate_id=220,Sibsagar,IND,0,Graduate,2165343,189787,1975556,108,GEN,NA,NA,,false,false,Male,,,,,
PRANATI PHUKAN,http://myneta.info/assam2006/candidate.php?candidate_id=75,Naharkatia,INC,0,Graduate,2169203,439316,1729887,120,GEN,NA,NA,,true,false,Female,,,,,
PRANESWAR BASUMATARY,http://myneta.info/assam2006/candidate.php?candidate_id=230,Sootea,INC,0,Graduate,288078,270870,17208,75,GEN,NA,NA,,false,false,Male,,,,,
PRASANTA KUMAR BARUA,http://myneta.info/assam2006/candidate.php?candidate_id=63,Bilasipara East,AGP,0,10th Pass,1874383,251000,1623383,27,GEN,NA,NA,,false,false,Male,,,,,
PRASANTA PHUKAN,http://myneta.info/assam2006/candidate.php?candidate_id=67,Dibrugarh,BJP,0,10th Pass,3422259,353858,3068401,116,GEN,NA,NA,,true,false,Male,,,,,
PREMANANDA DAS,http://myneta.info/assam2006/candidate.php?candidate_id=168,Jagiroad,AGP,0,Graduate Professional,227000,0,227000,79,SC,NA,NA,,false,false,Male,,,,,
PRITHIBI MAHJI,http://myneta.info/assam2006/candidate.php?candidate_id=69,Lahowal,INC,0,Graduate Professional,1935719,1650000,285719,117,GEN,NA,NA,,true,false,Male,,,,,
PROBIN GOGOI,http://myneta.info/assam2006/candidate.php?candidate_id=93,Khumtai,AGP,0,Graduate,437000,0,437000,96,GEN,NA,NA,,false,false,Male,,,,,
PRODIP HAZARIKA,http://myneta.info/assam2006/candidate.php?candidate_id=209,Amguri,AGP,1,Post Graduate,2322576,401928,1920648,103,GEN,NA,NA,,false,true,Male,,,,,
PROMILA RANI BRAHMA,http://myneta.info/assam2006/candidate.php?candidate_id=155,Kokrajhar East,IND,0,Graduate,2134689,0,2134689,30,ST,NA,NA,,false,false,Female,,,,,
PULAKESH BARUA,http://myneta.info/assam2006/candidate.php?candidate_id=202,Barkhetry,TNGP,0,Graduate Professional,3002782,189124,2813658,60,GEN,NA,NA,,true,false,Male,,,,,
PUSPA DEKA,http://myneta.info/assam2006/candidate.php?candidate_id=126,Jalukbari,AGP,0,Graduate,8940245,1467000,7473245,51,GEN,NA,NA,,true,false,Male,,,,,
PUTUL SONOWAL,http://myneta.info/assam2006/candidate.php?candidate_id=72,Duliajan,AGP,0,12th Pass,950000,0,950000,118,GEN,NA,NA,,false,false,Male,,,,,
RABI KUMAR PHANGCHO,http://myneta.info/assam2006/candidate.php?candidate_id=136,Howraghat,CPM,0,10th Pass,1357956,0,1357956,18,ST,NA,NA,,false,false,Male,,,,,
RABIN BANIKYA,http://myneta.info/assam2006/candidate.php?candidate_id=23,Abhayapuri South,AGP,0,Graduate,644130,211000,433130,35,SC,NA,NA,,false,false,Male,,,,,
RABIRAM NARZARY,http://myneta.info/assam2006/candidate.php?candidate_id=156,Kokrajhar East,IND,0,Graduate,69955,0,69955,30,ST,NA,NA,,false,false,Male,,,,,
RAJENDRA PRASAD SINGH,http://myneta.info/assam2006/candidate.php?candidate_id=237,Tinsukia,INC,0,Graduate,3772011,0,3772011,122,GEN,NA,NA,,true,false,Male,,,,,
RAJIB LOCHAN PEGU,http://myneta.info/assam2006/candidate.php?candidate_id=105,Majuli,INC,0,Post Graduate,2949287,816696,2132591,99,ST,NA,NA,,true,false,Male,,,,,
RAJU SAHU,http://myneta.info/assam2006/candidate.php?candidate_id=77,Chabua,INC,0,12th Pass,981919,243371,738548,121,GEN,NA,NA,,true,false,Male,,,,,
RAMEN DEKA,http://myneta.info/assam2006/candidate.php?candidate_id=130,Gauhati East,BJP,0,Graduate,3077965,0,3077965,53,GEN,NA,NA,,true,false,Male,,,,,
RAMENDRA NARAYAN KALITA,http://myneta.info/assam2006/candidate.php?candidate_id=131,Gauhati West,AGP,0,Graduate Professional,5375378,363636,5011742,54,GEN,NA,NA,,true,false,Male,,,,,
RAMESWAR DHANOWAR,http://myneta.info/assam2006/candidate.php?candidate_id=239,Digboi,INC,0,Graduate,1973632,0,1973632,123,GEN,NA,NA,,true,false,Male,,,,,
RAMESWAR TELI,http://myneta.info/assam2006/candidate.php?candidate_id=71,Duliajan,BJP,0,10th Pass,30000,0,30000,118,GEN,NA,NA,,true,false,Male,,,,,
RANA GOSWAMI,http://myneta.info/assam2006/candidate.php?candidate_id=103,Jorhat,INC,0,Graduate,3322000,191000,3131000,98,GEN,NA,NA,,true,false,Male,,,,,
RANJIT DUTTA,http://myneta.info/assam2006/candidate.php?candidate_id=233,Behali,BJP,0,12th Pass,2718160,0,2718160,77,GEN,NA,NA,,true,false,Male,,,,,
RASUL HOQUE,http://myneta.info/assam2006/candidate.php?candidate_id=55,Dhubri,AUDF,1,10th Pass,1012224,0,1012224,23,GEN,NA,NA,,true,true,Male,,,,,
REENA SINGH,http://myneta.info/assam2006/candidate.php?candidate_id=34,Lakhipur,BJP,0,Post Graduate,1920000,130220,1789780,13,GEN,NA,NA,,true,false,Female,,,,,
REKIBUDDIN AHMED,http://myneta.info/assam2006/candidate.php?candidate_id=116,Chaygaon,INC,0,12th Pass,2140904,628800,1512104,49,GEN,NA,NA,,true,false,Male,,,,,
RENUPAMA RAJKHOWA,http://myneta.info/assam2006/candidate.php?candidate_id=112,Teok,AGP,0,12th Pass,2069262,131277,1937985,102,GEN,NA,NA,,true,false,Female,,,,,
RIHON DAIMARI,http://myneta.info/assam2006/candidate.php?candidate_id=249,Udalguri,IND,0,Graduate,800000,270870,529130,69,ST,NA,NA,,true,false,Male,,,,,
RIPUN BORA,http://myneta.info/assam2006/candidate.php?candidate_id=235,Gohpur,INC,0,Post Graduate,11012073,283000,10729073,78,GEN,NA,NA,,true,false,Male,,,,,
ROCKYBUL  HUSSAIN,http://myneta.info/assam2006/candidate.php?candidate_id=183,Samaguri,INC,0,Graduate,7711850,2983795,4728055,88,GEN,NA,NA,,true,false,Male,,,,,
RUMI NATH,http://myneta.info/assam2006/candidate.php?candidate_id=35,Barkhola,BJP,0,Graduate Professional,58000,0,58000,14,GEN,NA,NA,,true,false,Female,,,,,
RUPJYOTI KURMI,http://myneta.info/assam2006/candidate.php?candidate_id=109,Mariani,INC,0,12th Pass,2313812,183517,2130295,101,GEN,NA,NA,,true,false,Male,,,,,
SAHIDUL ALAM CHOUDHURY,http://myneta.info/assam2006/candidate.php?candidate_id=100,Algapur,Asom Gana Parishad Pragtisheel,3,10th Pass,6690562,0,6690562,8,GEN,NA,NA,,true,false,Male,,,,,
SAMBHU SING MALLAH,http://myneta.info/assam2006/candidate.php?candidate_id=141,Ratabari,BJP,0,10th Pass,55900,140000,-84100,1,SC,NA,NA,,false,false,Male,,,,,
SAMSUL HOQUE,http://myneta.info/assam2006/candidate.php?candidate_id=2,Sorbhog,INC,0,Graduate,2307178,379000,1928178,40,GEN,NA,NA,,false,false,Male,,,,,
SANJAY RAJ SUBBA,http://myneta.info/assam2006/candidate.php?candidate_id=161,Naoboicha,IND,0,8th Pass,19817218,8182057,11635161,110,GEN,NA,NA,,true,false,Male,,,,,
SANJOY MARANDI,http://myneta.info/assam2006/candidate.php?candidate_id=151,Gossaigaon,IND,0,Graduate,95766,0,95766,28,GEN,NA,NA,,false,false,Male,,,,,
SARAT BORKATAKY,http://myneta.info/assam2006/candidate.php?candidate_id=215,Sonari,INC,0,Graduate Professional,10374020,0,10374020,106,GEN,NA,NA,,true,false,Male,,,,,
SARAT SAIKIA,http://myneta.info/assam2006/candidate.php?candidate_id=213,Mahmara,INC,0,Graduate,5499930,0,5499930,105,GEN,NA,NA,,true,false,Male,,,,,
SATYA NATH BRAHMA,http://myneta.info/assam2006/candidate.php?candidate_id=222,Dhekiajuli,IND,0,10th Pass,20000,0,20000,71,GEN,NA,NA,,false,false,Male,,,,,
SHEIKH A. HAMID,http://myneta.info/assam2006/candidate.php?candidate_id=12,Baghbar,AGP,1,Post Graduate,1185000,231680,953320,45,GEN,NA,NA,,true,true,Male,,,,,
SIBA BODRA,http://myneta.info/assam2006/candidate.php?candidate_id=218,Thowra,BJP,0,Graduate,219145,0,219145,107,GEN,NA,NA,,false,false,Male,,,,,
SIDDEQUE AHMED,http://myneta.info/assam2006/candidate.php?candidate_id=147,Karimganj South,IND,2,10th Pass,1866400,0,1866400,4,GEN,NA,NA,,false,true,Male,,,,,
SIMANCHAL DIGAL,http://myneta.info/assam2006/candidate.php?candidate_id=182,Kaliabor,INC,0,Graduate,891000,40000,851000,89,GEN,NA,NA,,false,false,Male,,,,,
SIPRA GOON,http://myneta.info/assam2006/candidate.php?candidate_id=148,Karimganj South,BJP,0,Graduate,250510,60000,190510,4,GEN,NA,NA,,false,false,Female,,,,,
SIRAJ UDDIN AHMED,http://myneta.info/assam2006/candidate.php?candidate_id=64,Bilasipara East,INC,0,Graduate,378426,0,378426,27,GEN,NA,NA,,false,false,Male,,,,,
SUKUR ALI AHMED,http://myneta.info/assam2006/candidate.php?candidate_id=16,Chenga,INC,0,12th Pass,83000,189668,-106668,47,GEN,NA,NA,,false,false,Male,,,,,
SULTAN SADIK,http://myneta.info/assam2006/candidate.php?candidate_id=162,Naoboicha,INC,0,12th Pass,1738000,0,1738000,110,GEN,NA,NA,,false,false,Male,,,,,
SUMITRA PATIR,http://myneta.info/assam2006/candidate.php?candidate_id=47,Dhemaji,INC,0,Post Graduate,950000,0,950000,113,ST,NA,NA,,true,false,Female,,,,,
SUREN PHUKAN,http://myneta.info/assam2006/candidate.php?candidate_id=240,Digboi,AGP,0,10th Pass,538030,271617,266413,123,GEN,NA,NA,,true,false,Male,,,,,
SUSHIL DUTTA,http://myneta.info/assam2006/candidate.php?candidate_id=195,Lumding,BJP,0,10th Pass,171508,0,171508,92,GEN,NA,NA,,true,false,Male,,,,,
SUSHIL KUJUR,http://myneta.info/assam2006/candidate.php?candidate_id=216,Sonari,AGP,0,Graduate,0,0,0,106,GEN,NA,NA,,false,false,Male,,,,,
SUSHILA HAZARIKA,http://myneta.info/assam2006/candidate.php?candidate_id=101,Dergaon,AGP,0,12th Pass,2220703,384285,1836418,97,SC,NA,NA,,true,false,Female,,,,,
TANKA BAHADUR RAI,http://myneta.info/assam2006/candidate.php?candidate_id=223,Barchalla,INC,0,Post Graduate,522227,270870,251357,72,GEN,NA,NA,,false,false,Male,,,,,
TARA PRASAD DAS,http://myneta.info/assam2006/candidate.php?candidate_id=13,Sarukhetri,IND,0,Graduate Professional,11488579,309395,11179184,46,GEN,NA,NA,,true,false,Male,,,,,
TARUN GOGOI,http://myneta.info/assam2006/candidate.php?candidate_id=107,Titabar,INC,0,Graduate Professional,9023616,600000,8423616,100,GEN,NA,NA,,true,false,Male,,,,,
TEROSH GOWALLA,http://myneta.info/assam2006/candidate.php?candidate_id=70,Lahowal,AGP,0,Graduate,79000,0,79000,117,GEN,NA,NA,,false,false,Male,,,,,
THANESWAR BASUMATARY,http://myneta.info/assam2006/candidate.php?candidate_id=207,Chapaguri,IND,0,12th Pass,187594,0,187594,63,ST,NA,NA,,false,false,Male,,,,,
TIJEN BASUMATARY,http://myneta.info/assam2006/candidate.php?candidate_id=208,Chapaguri,IND,0,Graduate,1335047,266704,1068343,63,ST,NA,NA,,true,false,Male,,,,,
TULSI KUJUR,http://myneta.info/assam2006/candidate.php?candidate_id=248,Panery,INC,0,12th Pass,372000,0,372000,64,GEN,NA,NA,,true,false,Male,,,,,
UDDHAB BARMAN,http://myneta.info/assam2006/candidate.php?candidate_id=1,Sorbhog,CPM,0,Graduate Professional,13009,0,13009,40,GEN,NA,NA,,false,false,Male,,,,,
UTPAL DUTTA,http://myneta.info/assam2006/candidate.php?candidate_id=164,Lakhimpur,Asom Gana Parishad Pragtisheel,0,Graduate,4119210,0,4119210,111,GEN,NA,NA,,true,false,Male,,,,,
UTTARA KALITA,http://myneta.info/assam2006/candidate.php?candidate_id=121,Kamalpur,INC,0,10th Pass,2400101,0,2400101,56,GEN,NA,NA,,false,false,Female,,,,,
WAZED ALI CHOUDHURY,http://myneta.info/assam2006/candidate.php?candidate_id=54,Salmara South,INC,0,Graduate,3095724,206536,2889188,22,GEN,NA,NA,,true,false,Male,,,,,
ZABED ISLAM,http://myneta.info/assam2006/candidate.php?candidate_id=52,Mankachar,INC,0,Graduate,857666,0,857666,21,GEN,NA,NA,,true,false,Male,,,,,
ZOII NATH SARMAH,http://myneta.info/assam2006/candidate.php?candidate_id=42,Sipajhar,AGP,0,Doctorate,9465781,0,9465781,66,GEN,NA,NA,,true,false,Male,,,,,