candidate_name,constituency,party,criminal_cases,education,assets,liabilities,net_assets,filed_itr,ac_no,reservations,district,sub_region
Ajay Mahajan,NURPUR,INC,0,Graduate,54166574,10755974,43410600,true,6,GEN,KANGRA,BEAS RIVER REGION
Anil Sharma,MANDI,BJP,1,12th Pass,402482216,20944395,381537821,true,33,GEN,MANDI,BEAS RIVER REGION
Anirudh Singh,KASUMPTI,INC,0,Graduate,162217508,10999355,151218153,true,62,GEN,SHIMLA,SHIMLA REGION
Anup Dhiman,DHARAMSHALA,IND,0,Others,8730000,100000,8630000,true,18,GEN,KANGRA,BEAS RIVER REGION
Arjun Singh,JAWALI,BJP,0,Post Graduate,38871330,0,38871330,true,9,GEN,KANGRA,BEAS RIVER REGION
Arun Kumar,NAGROTA,BJP,0,10th Pass,9129606,0,9129606,true,15,GEN,KANGRA,BEAS RIVER REGION
Asha Kumari,DALHOUSIE,INC,1,Graduate,45310570,6066090,39244480,true,4,GEN,CHAMBA,BEAS RIVER REGION
Ashish Butail,PALAMPUR,INC,0,Graduate,219458723,34592831,184865892,true,19,GEN,KANGRA,BEAS RIVER REGION
Ashwani Kajal,DHARAMSHALA,Bahujan Mukti Party,0,Graduate,14826000,2750000,12076000,true,18,GEN,KANGRA,BEAS RIVER REGION
Baini Parshad,PALAMPUR,IND,1,Post Graduate,17432768,1200000,16232768,true,19,GEN,KANGRA,BEAS RIVER REGION
Bal Krishan Chauhan,CHAMBA,IND,1,Post Graduate,18061322,0,18061322,true,3,GEN,CHAMBA,BEAS RIVER REGION
Balak Ram Sharma,SRI NAINA DEVIJI,All India Forward Bloc,0,12th Pass,6042543,1214000,4828543,true,49,GEN,BILASPUR,SHIVALIK REGION
Balbir Singh,CHINTPURNI,BJP,1,Graduate,45411401,51766017,-6354616,true,41,SC,UNA,BEAS RIVER REGION
Balbir Singh,SRI RENUKAJI,BJP,0,Post Graduate,7815428,330812,7484616,true,57,SC,SIRMOUR,SHIVALIK REGION
Baldev Sharma,BARSAR,BJP,0,12th Pass,29975141,7565895,22409246,true,39,GEN,HAMIRPUR,SHIVALIK REGION
Baldev Singh,SHILLAI,BJP,0,Graduate,58788254,20800000,37988254,true,59,GEN,SIRMOUR,SHIVALIK REGION
Balvir Singh Verma,CHOPAL,BJP,0,12th Pass,907329000,267334000,639995000,true,60,GEN,SHIMLA,SHIMLA REGION
Beeru Ram Kishore,JHANDUTA,INC,0,Graduate Professional,15776008,7143169,8632839,true,46,SC,BILASPUR,SHIVALIK REGION
Bidhi Chand,FATEHPUR,IND,0,Post Graduate,10706489,0,10706489,true,8,GEN,KANGRA,BEAS RIVER REGION
Bikram Singh,JASWAN-PRAGPUR,BJP,1,Graduate Professional,7433840,2219713,5214127,true,11,GEN,KANGRA,BEAS RIVER REGION
Bikram Singh Jaryal,BHATTIYAT,BJP,1,Graduate,6448000,5000000,1448000,true,5,GEN,CHAMBA,BEAS RIVER REGION
Bikram Singh Rana,SULLAH,IND,0,10th Pass,8793116,2604910,6188206,true,14,GEN,KANGRA,BEAS RIVER REGION
Bumber Thakur,BILASPUR,INC,1,Graduate Professional,44683505,5744834,38938671,true,48,GEN,BILASPUR,SHIVALIK REGION
Champa Thakur,MANDI,INC,0,Post Graduate,17761708,2383329,15378379,true,33,GEN,MANDI,BEAS RIVER REGION
Chander Kumar,JAWALI,INC,0,Post Graduate,61260532,2099140,59161392,true,9,GEN,KANGRA,BEAS RIVER REGION
Chander Shekhar,DHARAMPUR,INC,0,Graduate Professional,2249357,161000,2088357,true,32,GEN,MANDI,BEAS RIVER REGION
Des Raj,CHURAH,IND,0,Graduate,12063243,170421,11892822,true,1,SC,CHAMBA,BEAS RIVER REGION
Desh Raj,SHAHPUR,IND,0,Post Graduate,15599200,1992244,13606956,true,17,GEN,KANGRA,BEAS RIVER REGION
Desh Raj,MANDI,IND,2,Graduate,2396269,675447,1720822,true,33,GEN,MANDI,BEAS RIVER REGION
Devi Ram Sharma,THEOG,IND,0,Post Graduate,21000000,3900000,17100000,true,61,GEN,SHIMLA,SHIMLA REGION
Dhani Ram,BHORANJ,IND,0,Graduate,3868743,0,3868743,true,36,SC,HAMIRPUR,SHIVALIK REGION
Dhani Ram Shandil,SOLAN,INC,0,Doctorate,10747409,4611108,6136301,true,53,SC,SOLAN,SHIVALIK REGION
Dhavinder Singh,DALHOUSIE,BJP,2,10th Pass,80987490,9061961,71925529,true,4,GEN,CHAMBA,BEAS RIVER REGION
Dhian Singh,DALHOUSIE,CPI,0,10th Pass,12290091,0,12290091,true,4,GEN,CHAMBA,BEAS RIVER REGION
Digvijay Singh,DHARAMPUR,IND,0,Graduate Professional,32961000,252000,32709000,true,32,GEN,MANDI,BEAS RIVER REGION
Dr. Ashok Kumar Somal,FATEHPUR,IND,0,Doctorate,13357000,0,13357000,true,8,GEN,KANGRA,BEAS RIVER REGION
Dr. Devinder Kumar Soni,CHAMBA,IND,0,Graduate Professional,18154412,548084,17606328,true,3,GEN,CHAMBA,BEAS RIVER REGION
Dr. Kishori Lal Sharma,SHIMLA,Swabhiman Party,0,Doctorate,1320000,720000,600000,true,63,GEN,SHIMLA,SHIMLA REGION
Dr. Rajeev Bindal,NAHAN,BJP,1,Graduate Professional,80963575,8098868,72864707,true,56,GEN,SIRMOUR,SHIVALIK REGION
Dr. Rajesh Sharma,KANGRA,IND,1,Post Graduate,748303097,13332656,734970441,true,16,GEN,KANGRA,BEAS RIVER REGION
Dr. Ram Lal Markanda,LAHAUL & SPITI,BJP,0,Doctorate,8773811,0,8773811,true,21,ST,LAHAUL & SPITI,GREATER HIMALAYAS
Dr.Subhash Chand Manglate,CHOPAL,INC,0,Doctorate,79266881,12000000,67266881,true,60,GEN,SHIMLA,SHIMLA REGION
G S Bali,NAGROTA,INC,0,Not Given,449644670,171250473,278394197,true,15,GEN,KANGRA,BEAS RIVER REGION
Gagan Deep Prashar,JASWAN-PRAGPUR,IND,1,12th Pass,2950000,1045000,1905000,true,11,GEN,KANGRA,BEAS RIVER REGION
Gajender Thakur,MANALI,IND,0,Graduate,227140000,7400000,219740000,true,22,GEN,KULLU,BEAS RIVER REGION
Gangu Ram Musafir,PACHHAD,INC,0,Graduate,44817557,3924430,40893127,true,55,SC,SIRMOUR,SHIVALIK REGION
Govind Singh Thakur,MANALI,BJP,3,Graduate,68235051,11945108,56289943,true,22,GEN,KULLU,BEAS RIVER REGION
Gulab Singh Thakur,JOGINDERNAGAR,BJP,0,Graduate Professional,21051328,1230552,19820776,true,31,GEN,MANDI,BEAS RIVER REGION
Gulzar Singh,UNA,IND,0,8th Pass,3252000,450000,2802000,true,44,GEN,UNA,BEAS RIVER REGION
Gurnam Singh,NALAGARH,IND,0,8th Pass,1660000,1500000,160000,true,51,GEN,SOLAN,SHIVALIK REGION
Hans Raj,CHURAH,BJP,2,Post Graduate,5294137,1587148,3706989,true,1,SC,CHAMBA,BEAS RIVER REGION
Harbhajan Singh Bhajji,SHIMLA,INC,0,Graduate,39746203,293299,39452904,true,63,GEN,SHIMLA,SHIMLA REGION
Hardeep Singh Bawa,NALAGARH,IND,0,12th Pass,41870137,550000,41320137,true,51,GEN,SOLAN,SHIVALIK REGION
Hari Chand Sharma,MANALI,INC,0,10th Pass,77468186,23319240,54148946,true,22,GEN,KULLU,BEAS RIVER REGION
Harish Janartha,SHIMLA,IND,0,Graduate,53406000,6000000,47406000,true,63,GEN,SHIMLA,SHIMLA REGION
Harpreet Singh,NALAGARH,IND,0,Graduate Professional,5034091,0,5034091,true,51,GEN,SOLAN,SHIVALIK REGION
Harshwardhan Chauhan,SHILLAI,INC,0,Graduate Professional,112068559,4100000,107968559,true,59,GEN,SIRMOUR,SHIVALIK REGION
Het Singh Verma,JOGINDERNAGAR,BSP,0,12th Pass,4524101,0,4524101,true,31,GEN,MANDI,BEAS RIVER REGION
Hirdaya Ram,SRI RENUKAJI,IND,0,Graduate Professional,5978664,3000120,2978544,true,57,SC,SIRMOUR,SHIVALIK REGION
Hoshiar Singh,JASWAN-PRAGPUR,BSP,0,Post Graduate,4254000,1923000,2331000,true,11,GEN,KANGRA,BEAS RIVER REGION
Hoshyar Singh,DEHRA,IND,1,12th Pass,48468980,14060198,34408782,true,10,GEN,KANGRA,BEAS RIVER REGION
Inder Dutt Lakhanpal,BARSAR,INC,0,Graduate,44098037,15000000,29098037,true,39,GEN,HAMIRPUR,SHIVALIK REGION
Inder Singh,KASUMPTI,IND,0,8th Pass,440000,250000,190000,true,62,GEN,SHIMLA,SHIMLA REGION
Inder Singh,SARKAGHAT,BJP,0,Post Graduate,27844813,1640000,26204813,true,35,GEN,MANDI,BEAS RIVER REGION
Inder Singh Thakur,DOON,IND,0,Post Graduate,4602329,0,4602329,true,52,GEN,SOLAN,SHIVALIK REGION
Indu Bala,PALAMPUR,BJP,0,Graduate,8297494,425500,7871994,true,19,GEN,KANGRA,BEAS RIVER REGION
Jagat Singh Negi,KINNAUR,INC,0,Graduate Professional,30384449,2380965,28003484,true,68,ST,KINNAUR,GREATER HIMALAYAS
Jagdish Chand,SARKAGHAT,IND,0,Post Graduate,6440000,0,6440000,true,35,GEN,MANDI,BEAS RIVER REGION
Jagjiwan Paul,SULLAH,INC,0,12th Pass,9438200,3963300,5474900,true,14,GEN,KANGRA,BEAS RIVER REGION
Jai Ram Thakur,SERAJ,BJP,0,Graduate,32799144,1819462,30979682,true,29,GEN,MANDI,BEAS RIVER REGION
Janam Singh,BHARMOUR,IND,0,12th Pass,14598674,600000,13998674,true,2,ST,CHAMBA,BEAS RIVER REGION
Jawahar Thakur,DARANG,BJP,0,8th Pass,58912992,2500867,56412125,true,30,GEN,MANDI,BEAS RIVER REGION
Jeet Ram Katwal,JHANDUTA,BJP,0,Post Graduate,17098264,853593,16244671,true,46,SC,BILASPUR,SHIVALIK REGION
Jia Lal,BHARMOUR,BJP,2,10th Pass,8319838,0,8319838,true,2,ST,CHAMBA,BEAS RIVER REGION
Jiwan Lal,JOGINDERNAGAR,INC,0,Post Graduate,7224105,2048000,5176105,true,31,GEN,MANDI,BEAS RIVER REGION
Kamal Kant Sharma,KULLU,IND,0,Graduate Professional,179086673,0,179086673,true,23,GEN,KULLU,BEAS RIVER REGION
Kamal Kishore,INDORA,INC,0,Graduate Professional,4959983,865880,4094103,true,7,SC,KANGRA,BEAS RIVER REGION
Kamal Pathania,HAMIRPUR,IND,0,12th Pass,32779303,12925000,19854303,true,38,GEN,HAMIRPUR,SHIVALIK REGION
Kaul Singh,DARANG,INC,0,Graduate Professional,80384352,7733319,72651033,true,30,GEN,MANDI,BEAS RIVER REGION
Kedar Singh Jindan,SHILLAI,BSP,1,Post Graduate,1165000,0,1165000,true,59,GEN,SIRMOUR,SHIVALIK REGION
Kehar Singh,JAISINGHPUR,BSP,0,Doctorate,41500000,0,41500000,true,13,SC,KANGRA,BEAS RIVER REGION
Keshav Kumar,KASAULI,Swabhiman Party,0,5th Pass,5025000,2000000,3025000,true,54,SC,SOLAN,SHIVALIK REGION
Kewal Singh,SHAHPUR,INC,0,Post Graduate,27922603,3474255,24448348,true,17,GEN,KANGRA,BEAS RIVER REGION
Kirnesh Jung,PAONTA SAHIB,INC,0,12th Pass,83889425,6505550,77383875,true,58,GEN,SIRMOUR,SHIVALIK REGION
Kishan Chand,DHARAMSHALA,BJP,1,12th Pass,79986396,1971733,78014663,true,18,GEN,KANGRA,BEAS RIVER REGION
Kishori Lal,BAIJNATH,INC,0,10th Pass,41455034,600000,40855034,true,20,SC,KANGRA,BEAS RIVER REGION
Kishori Lal,ANNI,BJP,0,Post Graduate,25293001,1550000,23743001,true,25,SC,KULLU,BEAS RIVER REGION
Kripal Singh Parmar,FATEHPUR,BJP,0,Graduate Professional,27468286,800230,26668056,true,8,GEN,KANGRA,BEAS RIVER REGION
Krishan Lal Thakur,NALAGARH,BJP,3,Graduate Professional,27905607,7544353,20361254,true,51,GEN,SOLAN,SHIVALIK REGION
Kuldeep Singh,HAMIRPUR,INC,0,Graduate,20144988,959322,19185666,true,38,GEN,HAMIRPUR,SHIVALIK REGION
Kuldeep Singh Pathania,BHATTIYAT,INC,0,Graduate Professional,89573130,2229043,87344087,true,5,GEN,CHAMBA,BEAS RIVER REGION
Kuldip Kumar,CHINTPURNI,INC,0,Graduate,23663487,3963174,19700313,true,41,SC,UNA,BEAS RIVER REGION
Kuldip Singh,KANGRA,Lok Gathbandhan Party,0,Graduate,38314851,0,38314851,true,16,GEN,KANGRA,BEAS RIVER REGION
Kuldip Singh Tanwar,KASUMPTI,CPI(M),1,Doctorate,104627992,0,104627992,true,62,GEN,SHIMLA,SHIMLA REGION
Kushal Raj,SHIMLA RURAL,Swabhiman Party,0,Graduate,6474000,0,6474000,true,64,GEN,SHIMLA,SHIMLA REGION
Lakhvinder Singh Rana,NALAGARH,INC,0,Graduate,57201782,3408000,53793782,true,51,GEN,SOLAN,SHIVALIK REGION
Lal Singh Mastana,HAMIRPUR,BSP,0,Graduate,8279000,563390,7715610,true,38,GEN,HAMIRPUR,SHIVALIK REGION
Lalit Thakur,BHARMOUR,IND,1,Post Graduate,22470576,0,22470576,true,2,ST,CHAMBA,BEAS RIVER REGION
Lekh Raj,NADAUN,IND,0,10th Pass,408907409,4876100,404031309,true,40,GEN,HAMIRPUR,SHIVALIK REGION
Lekh Raj,PALAMPUR,CPI(M),0,Graduate,1048000,143000,905000,true,19,GEN,KANGRA,BEAS RIVER REGION
Lokinder Singh,JUBBAL-KOTKHAI,IND,0,Graduate,3486184,0,3486184,true,65,GEN,SHIMLA,SHIMLA REGION
Madan Mohan Thakur,KASUMPTI,IND,0,10th Pass,25117000,0,25117000,true,62,GEN,SHIMLA,SHIMLA REGION
Mahender Singh,DHARAMPUR,BJP,1,12th Pass,156335376,0,156335376,true,32,GEN,MANDI,BEAS RIVER REGION
Maheshwar Singh,KULLU,BJP,0,12th Pass,179950412,0,179950412,true,23,GEN,KULLU,BEAS RIVER REGION
Manohar Lal,KUTLEHAR,BSP,0,10th Pass,4520684,450000,4070684,true,45,GEN,UNA,BEAS RIVER REGION
Manohar Lal,DEHRA,Bhartiya Himachal Jan Vikas Party,0,Illiterate,5717132,1900000,3817132,true,10,GEN,KANGRA,BEAS RIVER REGION
Meena Kumari,PAONTA SAHIB,Lok Gathbandhan Party,0,Post Graduate,1706761,0,1706761,true,58,GEN,SIRMOUR,SHIVALIK REGION
Mohan Dass,SHIMLA RURAL,IND,0,Graduate,4725110,300000,4425110,true,64,GEN,SHIMLA,SHIMLA REGION
Mohan Lal Brakta,ROHRU,INC,0,Graduate Professional,18280012,4000000,14280012,true,67,SC,SHIMLA,SHIMLA REGION
Mohinder Kumar,JAISINGHPUR,IND,0,Graduate,1273160,150000,1123160,true,13,SC,KANGRA,BEAS RIVER REGION
Mujesh Kumar,JASWAN-PRAGPUR,IND,0,10th Pass,9955000,5580000,4375000,true,11,GEN,KANGRA,BEAS RIVER REGION
Mukesh Agnihotri,HAROLI,INC,0,Graduate,77507137,1615278,75891859,true,43,GEN,UNA,BEAS RIVER REGION
Mulkh Raj,BAIJNATH,BJP,0,10th Pass,532500,991000,-458500,true,20,SC,KANGRA,BEAS RIVER REGION
Murli Dhar,JAISINGHPUR,All India Manavadhikar Rajnaitik Dal,0,Graduate,2813000,0,2813000,true,13,SC,KANGRA,BEAS RIVER REGION
Nagesh Kumar,BHATTIYAT,IND,0,Graduate,4778000,700000,4078000,true,5,GEN,CHAMBA,BEAS RIVER REGION
Nand Lal,RAMPUR,INC,0,Post Graduate,30504900,1750157,28754743,true,66,SC,SHIMLA,SHIMLA REGION
Narender Kumar,MANDI,BSP,0,Graduate Professional,379623,28000,351623,true,33,GEN,MANDI,BEAS RIVER REGION
Narinder Bragta,JUBBAL-KOTKHAI,BJP,1,Post Graduate,36664050,1455561,35208489,true,65,GEN,SHIMLA,SHIMLA REGION
Narinder Thakur,HAMIRPUR,BJP,0,Post Graduate,23274307,4434675,18839632,true,38,GEN,HAMIRPUR,SHIVALIK REGION
Neeraj Nayar,CHAMBA,INC,1,Graduate,61843180,9847931,51995249,true,3,GEN,CHAMBA,BEAS RIVER REGION
Nisha Katoch,DHARAMSHALA,Swabhiman Party,0,Graduate Professional,6916414,2200000,4716414,true,18,GEN,KANGRA,BEAS RIVER REGION
Om Parkash,FATEHPUR,BSP,0,Graduate Professional,14036421,0,14036421,true,8,GEN,KANGRA,BEAS RIVER REGION
Om Prakash,JASWAN-PRAGPUR,IND,0,8th Pass,3245000,595000,2650000,true,11,GEN,KANGRA,BEAS RIVER REGION
Pankaj Kumar,DHARAMSHALA,IND,0,10th Pass,149069,10425,138644,true,18,GEN,KANGRA,BEAS RIVER REGION
Paramjeet Singh,DOON,BJP,0,Graduate,127386818,4048939,123337879,true,52,GEN,SOLAN,SHIVALIK REGION
Paro Devi,SARKAGHAT,Lok Gathbandhan Party,0,Graduate Professional,3953000,9300000,-5347000,true,35,GEN,MANDI,BEAS RIVER REGION
Parveen Kumar,SUJANPUR,BSP,0,Graduate,16999075,6700000,10299075,true,37,GEN,HAMIRPUR,SHIVALIK REGION
Parveen Kumar,PALAMPUR,IND,0,Graduate,10654499,1013499,9641000,true,19,GEN,KANGRA,BEAS RIVER REGION
Pawan Kumar,SARKAGHAT,INC,0,12th Pass,40829226,8133756,32695470,true,35,GEN,MANDI,BEAS RIVER REGION
Pawan Kumar Kajal,KANGRA,INC,0,10th Pass,75733767,4212363,71521404,true,16,GEN,KANGRA,BEAS RIVER REGION
Pawan Nayyar,CHAMBA,BJP,0,Graduate,33422263,2812000,30610263,true,3,GEN,CHAMBA,BEAS RIVER REGION
Prakash Chand,DHARAMPUR,IND,0,Post Graduate,9700000,1050000,8650000,true,32,GEN,MANDI,BEAS RIVER REGION
Prakash Chaudhary,BALH,INC,0,Post Graduate,17827964,3402177,14425787,true,34,SC,MANDI,BEAS RIVER REGION
Prakash Prem Kumar,JOGINDERNAGAR,IND,0,10th Pass,208607293,764459,207842834,true,31,GEN,MANDI,BEAS RIVER REGION
Pramod Kumar Sharma,SHIMLA RURAL,BJP,0,Doctorate,18931820,1622106,17309714,true,64,GEN,SHIMLA,SHIMLA REGION
Prem Kumar,BALH,BSP,0,Post Graduate,1339703,576753,762950,true,34,SC,MANDI,BEAS RIVER REGION
Prem Kumar Dhumal,SUJANPUR,BJP,2,Post Graduate,36279509,0,36279509,true,37,GEN,HAMIRPUR,SHIVALIK REGION
Prem Singh Draik,RAMPUR,BJP,0,Post Graduate,26213814,300000,25913814,true,66,SC,SHIMLA,SHIMLA REGION
Prithi Chand,NADAUN,IND,1,10th Pass,4665430,0,4665430,true,40,GEN,HAMIRPUR,SHIVALIK REGION
Rahul Ranpatia,BHATTIYAT,IND,0,Graduate Professional,8435000,500000,7935000,true,5,GEN,CHAMBA,BEAS RIVER REGION
Rajan Sushant,FATEHPUR,IND,1,Graduate Professional,24740022,4906645,19833377,true,8,GEN,KANGRA,BEAS RIVER REGION
Rajeev Kumar Kaundal,KASAULI,IND,1,Graduate Professional,1712203,0,1712203,true,54,SC,SOLAN,SHIVALIK REGION
Rajender Paul Kashav,BALH,All India Forward Bloc,0,Graduate Professional,5393089,1400000,3993089,true,34,SC,MANDI,BEAS RIVER REGION
Rajesh Dharmani,GHUMARWIN,INC,0,Post Graduate,9863447,574457,9288990,true,47,GEN,BILASPUR,SHIVALIK REGION
Rajesh Kashyap,SOLAN,BJP,0,Post Graduate,30831786,1917716,28914070,true,53,SC,SOLAN,SHIVALIK REGION
Rajesh Thakur,GAGRET,BJP,0,Graduate,208371632,3540066,204831566,true,42,GEN,UNA,BEAS RIVER REGION
Rajinder Garg,GHUMARWIN,BJP,0,Post Graduate,26980169,346499,26633670,true,47,GEN,BILASPUR,SHIVALIK REGION
Rajinder Singh,SUJANPUR,INC,0,Graduate,264833629,2411117,262422512,true,37,GEN,HAMIRPUR,SHIVALIK REGION
Rajiv Gautam,UNA,IND,0,Graduate Professional,183090291,1261140,181829151,true,44,GEN,UNA,BEAS RIVER REGION
Rajiv Saizal,KASAULI,BJP,0,Graduate Professional,7709500,331745,7377755,true,54,SC,SOLAN,SHIVALIK REGION
Rakesh Kalia,GAGRET,INC,0,Graduate,189600646,60971027,128629619,true,42,GEN,UNA,BEAS RIVER REGION
Rakesh Kumar,SUNDERNAGAR,BJP,1,Graduate,20500212,1399157,19101055,true,27,GEN,MANDI,BEAS RIVER REGION
Rakesh Pathania,NURPUR,BJP,3,12th Pass,34652605,7201548,27451057,true,6,GEN,KANGRA,BEAS RIVER REGION
Rakesh Verma,THEOG,BJP,0,Graduate Professional,102591040,1050000,101541040,true,61,GEN,SHIMLA,SHIMLA REGION
Ram Kumar,HAROLI,BJP,0,Post Graduate,7685653,0,7685653,true,43,GEN,UNA,BEAS RIVER REGION
Ram Kumar,DOON,INC,3,Post Graduate,408144720,13783858,394360862,true,52,GEN,SOLAN,SHIVALIK REGION
Ram Lal Thakur,SRI NAINA DEVIJI,INC,0,Graduate Professional,35829952,0,35829952,true,49,GEN,BILASPUR,SHIVALIK REGION
Ramesh Chand,SRI NAINA DEVIJI,IND,1,12th Pass,7603157,700000,6903157,true,49,GEN,BILASPUR,SHIVALIK REGION
Ramesh Chand,JAWALAMUKHI,BJP,1,10th Pass,4808000,63043,4744957,true,12,GEN,KANGRA,BEAS RIVER REGION
Ramesh Chand,BAIJNATH,BSP,0,12th Pass,10030000,0,10030000,true,20,SC,KANGRA,BEAS RIVER REGION
Ramesh Kumar,DHARAMPUR,Rashtriya Azad Manch,0,10th Pass,10862524,0,10862524,true,32,GEN,MANDI,BEAS RIVER REGION
Ramesh Kumar,SHAHPUR,IND,0,5th Pass,1717575,800000,917575,true,17,GEN,KANGRA,BEAS RIVER REGION
Ramesh Kumar,KASUMPTI,BSP,0,Graduate,5052000,10000,5042000,true,62,GEN,SHIMLA,SHIMLA REGION
Randhir Sharma,SRI NAINA DEVIJI,BJP,2,Post Graduate,18557732,0,18557732,true,49,GEN,BILASPUR,SHIVALIK REGION
Ranjeet Singh,NADAUN,IND,0,10th Pass,3276000,706250,2569750,true,40,GEN,HAMIRPUR,SHIVALIK REGION
Ranjit Singh,CHINTPURNI,BSP,0,Graduate,6442439,102000,6340439,true,41,SC,UNA,BEAS RIVER REGION
Rattan Singh Kashyap,PACHHAD,IND,0,12th Pass,26831478,1120000,25711478,true,55,SC,SIRMOUR,SHIVALIK REGION
Rattan Singh Pal,ARKI,BJP,0,10th Pass,16606262,3298000,13308262,true,50,GEN,SOLAN,SHIVALIK REGION
Ravi Chand,KANGRA,NCP,0,10th Pass,8428951,3900000,4528951,true,16,GEN,KANGRA,BEAS RIVER REGION
Ravi Parkash,NADAUN,BSP,1,10th Pass,10395000,7600000,2795000,true,40,GEN,HAMIRPUR,SHIVALIK REGION
Ravi Thakur,LAHAUL & SPITI,INC,0,Graduate,187551060,14741772,172809288,true,21,ST,LAHAUL & SPITI,GREATER HIMALAYAS
Ravinder Kumar,JAISINGHPUR,BJP,0,Graduate,5700611,603082,5097529,true,13,SC,KANGRA,BEAS RIVER REGION
Ravinder Pal Singh Mann,HAROLI,IND,0,Graduate Professional,2954546,0,2954546,true,43,GEN,UNA,BEAS RIVER REGION
Ravinder Singh,DEHRA,BJP,1,Graduate,16984000,4242968,12741032,true,10,GEN,KANGRA,BEAS RIVER REGION
Ravinder Singh Dogra,SUJANPUR,NCP,0,12th Pass,10000,50000,-40000,true,37,GEN,HAMIRPUR,SHIVALIK REGION
Ravinder Singh Rana,DHARAMSHALA,IND,0,Graduate,12430000,7701000,4729000,true,18,GEN,KANGRA,BEAS RIVER REGION
Reeta Devi,INDORA,BJP,0,10th Pass,5830925,192146,5638779,true,7,SC,KANGRA,BEAS RIVER REGION
Renuka Dogra,KULLU,Rashtriya Azad Manch,0,Graduate Professional,20990000,440200,20549800,true,23,GEN,KULLU,BEAS RIVER REGION
Rohit Thakur,JUBBAL-KOTKHAI,INC,0,Graduate,278237915,1000000,277237915,true,65,GEN,SHIMLA,SHIMLA REGION
Rustam Singh,JAWALI,CPI,0,Graduate,9857819,0,9857819,true,9,GEN,KANGRA,BEAS RIVER REGION
Sandeep Sharma,KUTLEHAR,Swabhiman Party,0,Graduate Professional,38170000,16000000,22170000,true,45,GEN,UNA,BEAS RIVER REGION
Sanjay Chaudhary,KANGRA,BJP,0,Post Graduate,9395971,2570793,6825178,true,16,GEN,KANGRA,BEAS RIVER REGION
Sanjay Chauhan,SHIMLA,CPI(M),0,Post Graduate,15422613,0,15422613,true,63,GEN,SHIMLA,SHIMLA REGION
Sanjay Rattan,JAWALAMUKHI,INC,0,Graduate Professional,16156899,2107284,14049615,true,12,GEN,KANGRA,BEAS RIVER REGION
Sanjiv Kumar,SARKAGHAT,IND,0,Graduate Professional,1380000,250000,1130000,true,35,GEN,MANDI,BEAS RIVER REGION
Sarveen,SHAHPUR,BJP,0,Post Graduate,41948982,5500000,36448982,true,17,GEN,KANGRA,BEAS RIVER REGION
Satpal Singh Raizada,UNA,INC,0,10th Pass,89637432,52963667,36673765,true,44,GEN,UNA,BEAS RIVER REGION
Satpal Singh Satti,UNA,BJP,0,Post Graduate,31422977,1246674,30176303,true,44,GEN,UNA,BEAS RIVER REGION
Sh. Bhagat Ram,KARSOG,IND,0,Graduate,9159216,1300000,7859216,true,26,SC,MANDI,BEAS RIVER REGION
Sh. Mansa Ram,KARSOG,INC,0,Graduate,18374833,10573004,7801829,true,26,SC,MANDI,BEAS RIVER REGION
Sh. Mast Ram,KARSOG,IND,0,Graduate,8209961,845000,7364961,true,26,SC,MANDI,BEAS RIVER REGION
Shiv Hari Pal,KUTLEHAR,IND,1,12th Pass,14796354,1296923,13499431,true,45,GEN,UNA,BEAS RIVER REGION
Singhi Ram,RAMPUR,IND,1,Graduate Professional,58522035,15041674,43480361,true,66,SC,SHIMLA,SHIMLA REGION
Sita Ram Bhardwaj,BARSAR,IND,0,12th Pass,60523951,3360600,57163351,true,39,GEN,HAMIRPUR,SHIVALIK REGION
Sohan Lal,SUNDERNAGAR,INC,0,Post Graduate,81394949,2200000,79194949,true,27,GEN,MANDI,BEAS RIVER REGION
Subhash Sharma,GAGRET,IND,0,Graduate Professional,4156460,19700,4136760,true,42,GEN,UNA,BEAS RIVER REGION
Subhash Thakur,BILASPUR,BJP,1,Post Graduate,18465397,430144,18035253,true,48,GEN,BILASPUR,SHIVALIK REGION
Sudarshan,LAHAUL & SPITI,IND,0,Graduate Professional,950000,300000,650000,true,21,ST,LAHAUL & SPITI,GREATER HIMALAYAS
Sudhir Sharma,DHARAMSHALA,INC,0,Graduate,47713829,4800858,42912971,true,18,GEN,KANGRA,BEAS RIVER REGION
Sujan Singh Pathania,FATEHPUR,INC,0,Graduate,191577529,881732,190695797,true,8,GEN,KANGRA,BEAS RIVER REGION
Sukh Ram,PAONTA SAHIB,BJP,1,12th Pass,22226492,2378131,19848361,true,58,GEN,SIRMOUR,SHIVALIK REGION
Sukhvinder Singh Thakur,NADAUN,INC,0,Post Graduate,50436952,9188778,41248174,true,40,GEN,HAMIRPUR,SHIVALIK REGION
Sunder Singh Thakur,KULLU,INC,0,Graduate Professional,208032031,24536547,183495484,true,23,GEN,KULLU,BEAS RIVER REGION
Suraj Mani,DARANG,IND,0,8th Pass,370000,0,370000,true,30,GEN,MANDI,BEAS RIVER REGION
Surender Bhardwaj,CHURAH,INC,0,Graduate Professional,10015000,1000000,9015000,true,1,SC,CHAMBA,BEAS RIVER REGION
Surender Shourie,BANJAR,BJP,1,Graduate,2995766,747510,2248256,true,24,GEN,KULLU,BEAS RIVER REGION
Suresh Bhardwaj,SHIMLA,BJP,0,Graduate Professional,9353349,789320,8564029,true,63,GEN,SHIMLA,SHIMLA REGION
Suresh Kumar,BHORANJ,INC,1,Post Graduate,16077000,5500000,10577000,true,36,SC,HAMIRPUR,SHIVALIK REGION
Suresh Kumar,PALAMPUR,IND,0,8th Pass,156233,55000,101233,true,19,GEN,KANGRA,BEAS RIVER REGION
Suresh Kumar,GHUMARWIN,IND,0,12th Pass,366000,0,366000,true,47,GEN,BILASPUR,SHIVALIK REGION
Suresh Kumar Kashyap,PACHHAD,BJP,0,Post Graduate,11771138,6100000,5671138,true,55,SC,SIRMOUR,SHIVALIK REGION
Surinder Singh Mankotia,JASWAN-PRAGPUR,INC,0,Post Graduate,39143084,5567992,33575092,true,11,GEN,KANGRA,BEAS RIVER REGION
Tejwant Singh Negi,KINNAUR,BJP,0,Graduate,59004211,577930,58426281,true,68,ST,KINNAUR,GREATER HIMALAYAS
Thakur Singh Bharmouri,BHARMOUR,INC,0,Graduate,65784511,1619004,64165507,true,2,ST,CHAMBA,BEAS RIVER REGION
Tilak Raj,INDORA,IND,0,10th Pass,10581515,2402784,8178731,true,7,SC,KANGRA,BEAS RIVER REGION
Vijai Singh,SHAHPUR,IND,0,Graduate,22690000,0,22690000,true,17,GEN,KANGRA,BEAS RIVER REGION
Vijay Jyoti,KASUMPTI,BJP,0,10th Pass,70028722,1350442,68678280,true,62,GEN,SHIMLA,SHIMLA REGION
Vijay Kumar,KANGRA,BSP,0,12th Pass,3776181,0,3776181,true,16,GEN,KANGRA,BEAS RIVER REGION
Vijay Kumar,NADAUN,BJP,0,Post Graduate,18241077,971304,17269773,true,40,GEN,HAMIRPUR,SHIVALIK REGION
Vijay Singh,ARKI,Janral Samaj Party,0,Post Graduate,2360000,450000,1910000,true,50,GEN,SOLAN,SHIVALIK REGION
Vijender Kumar,JAWALAMUKHI,IND,0,Graduate,39006580,6172076,32834504,true,12,GEN,KANGRA,BEAS RIVER REGION
Vikas Kumar,DHARAMSHALA,IND,0,Post Graduate,2330723,0,2330723,true,18,GEN,KANGRA,BEAS RIVER REGION
Vikramaditya Singh,SHIMLA RURAL,INC,0,Post Graduate,843281014,55390000,787891014,true,64,GEN,SHIMLA,SHIMLA REGION
Vinay Kumar,SRI RENUKAJI,INC,0,10th Pass,33044987,8030702,25014285,true,57,SC,SIRMOUR,SHIVALIK REGION
Vinod Kumar,NACHAN,BJP,1,12th Pass,9174095,4411111,4762984,true,28,SC,MANDI,BEAS RIVER REGION
Vinod Sultanpuri,KASAULI,INC,0,Graduate Professional,40818476,322053,40496423,true,54,SC,SOLAN,SHIVALIK REGION
Vipan Chand,DEHRA,BSP,0,Graduate,5253758,1030000,4223758,true,10,GEN,KANGRA,BEAS RIVER REGION
Vipin Singh Parmar,SULLAH,BJP,0,Graduate Professional,14413379,0,14413379,true,14,GEN,KANGRA,BEAS RIVER REGION
Viplove Thakur,DEHRA,INC,0,Post Graduate,15416380,0,15416380,true,10,GEN,KANGRA,BEAS RIVER REGION
Virbhadra Singh,ARKI,INC,1,Post Graduate,305215611,62524000,242691611,true,50,GEN,SOLAN,SHIVALIK REGION
Virender Kumar,SHIMLA,IND,0,Graduate,2629366,795000,1834366,true,63,GEN,SHIMLA,SHIMLA REGION
Virender Sharma,DALHOUSIE,Rashtriya Azad Manch,1,12th Pass,9661000,3313847,6347153,true,4,GEN,CHAMBA,BEAS RIVER REGION
Virender Singh Kanwar,KUTLEHAR,BJP,0,Graduate Professional,33821430,5923190,27898240,true,45,GEN,UNA,BEAS RIVER REGION
Vishal Singh,SULLAH,IND,0,Post Graduate,5547095,618538,4928557,true,14,GEN,KANGRA,BEAS RIVER REGION
Vishwanath,NAHAN,CPI(M),0,Post Graduate,4650033,2400000,2250033,true,56,GEN,SIRMOUR,SHIVALIK REGION
Vivek Sharma,KUTLEHAR,INC,0,Graduate,13426556,5770135,7656421,true,45,GEN,UNA,BEAS RIVER REGION
Yadvinder Goma,JAISINGHPUR,INC,0,Post Graduate,11950000,2800000,9150000,true,13,SC,KANGRA,BEAS RIVER REGION