candidate_name,constituency,party,criminal_cases,education,assets,liabilities,net_assets,ac_no,reservations,district,sub_region
Aditya Vikram Singh,BANJAR,INC,0,Post Graduate,43424987,0,43424987,24,GEN,KULLU,BEAS RIVER REGION
Ajay Bhatti,SOLAN,CPI(M),2,Post Graduate,11000,0,11000,53,SC,SOLAN,SHIVALIK REGION
Ajay Mahajan,NURPUR,INC,0,Graduate,54166574,10755974,43410600,6,GEN,KANGRA,BEAS RIVER REGION
Ajay Solanki,NAHAN,INC,0,12th Pass,6069512,0,6069512,56,GEN,SIRMOUR,SHIVALIK REGION
Amar Singh,BILASPUR,Lok Gathbandhan Party,0,Graduate,1246883,834000,412883,48,GEN,BILASPUR,SHIVALIK REGION
Amit Kumar,JASWAN-PRAGPUR,IND,0,12th Pass,575000,80000,495000,11,GEN,KANGRA,BEAS RIVER REGION
Anil Kumar Mankotia,HAMIRPUR,CPI(M),2,Graduate,575000,0,575000,38,GEN,HAMIRPUR,SHIVALIK REGION
Anil Sharma,MANDI,BJP,1,12th Pass,402482216,20944395,381537821,33,GEN,MANDI,BEAS RIVER REGION
Anirudh Singh,KASUMPTI,INC,0,Graduate,162217508,10999355,151218153,62,GEN,SHIMLA,SHIMLA REGION
Anita Alias Nitu,KARSOG,IND,1,12th Pass,9755000,95000,9660000,26,SC,MANDI,BEAS RIVER REGION
Anup Dhiman,DHARAMSHALA,IND,0,Others,8730000,100000,8630000,18,GEN,KANGRA,BEAS RIVER REGION
Anup Kumar,JASWAN-PRAGPUR,IND,0,12th Pass,1150000,0,1150000,11,GEN,KANGRA,BEAS RIVER REGION
Arjun Singh,JAWALI,BJP,0,Post Graduate,38871330,0,38871330,9,GEN,KANGRA,BEAS RIVER REGION
Arun Kumar,NAGROTA,BJP,0,10th Pass,9129606,0,9129606,15,GEN,KANGRA,BEAS RIVER REGION
Asha Kumari,DALHOUSIE,INC,1,Graduate,45310570,6066090,39244480,4,GEN,CHAMBA,BEAS RIVER REGION
Ashish Butail,PALAMPUR,INC,0,Graduate,219458723,34592831,184865892,19,GEN,KANGRA,BEAS RIVER REGION
Ashish Kumar,HAMIRPUR,IND,0,Graduate Professional,10500,0,10500,38,GEN,HAMIRPUR,SHIVALIK REGION
Ashwani Kajal,DHARAMSHALA,Bahujan Mukti Party,0,Graduate,14826000,2750000,12076000,18,GEN,KANGRA,BEAS RIVER REGION
Baini Parshad,PALAMPUR,IND,1,Post Graduate,17432768,1200000,16232768,19,GEN,KANGRA,BEAS RIVER REGION
Bal Krishan Chauhan,CHAMBA,IND,1,Post Graduate,18061322,0,18061322,3,GEN,CHAMBA,BEAS RIVER REGION
Bal Mukund,PALAMPUR,BSP,0,5th Pass,5220000,0,5220000,19,GEN,KANGRA,BEAS RIVER REGION
Balak Ram Sharma,SRI NAINA DEVIJI,All India Forward Bloc,0,12th Pass,6042543,1214000,4828543,49,GEN,BILASPUR,SHIVALIK REGION
Balbir Singh,CHINTPURNI,BJP,1,Graduate,45411401,51766017,-6354616,41,SC,UNA,BEAS RIVER REGION
Balbir Singh,SRI RENUKAJI,BJP,0,Post Graduate,7815428,330812,7484616,57,SC,SIRMOUR,SHIVALIK REGION
Baldev Sharma,BARSAR,BJP,0,12th Pass,29975141,7565895,22409246,39,GEN,HAMIRPUR,SHIVALIK REGION
Baldev Singh,SHILLAI,BJP,0,Graduate,58788254,20800000,37988254,59,GEN,SIRMOUR,SHIVALIK REGION
Baldev Thakur,FATEHPUR,IND,0,10th Pass,2728545,2347652,380893,8,GEN,KANGRA,BEAS RIVER REGION
Balvir Singh Verma,CHOPAL,BJP,0,12th Pass,907329000,267334000,639995000,60,GEN,SHIMLA,SHIMLA REGION
Balwant Singh,INDORA,IND,0,12th Pass,160000,0,160000,7,SC,KANGRA,BEAS RIVER REGION
Banarsi Dass Dogra,SHAHPUR,BSP,0,5th Pass,2219000,0,2219000,17,GEN,KANGRA,BEAS RIVER REGION
Basant Ram Sandhu,BILASPUR,IND,0,12th Pass,2006000,0,2006000,48,GEN,BILASPUR,SHIVALIK REGION
Beeru Ram Kishore,JHANDUTA,INC,0,Graduate Professional,15776008,7143169,8632839,46,SC,BILASPUR,SHIVALIK REGION
Bhupender,DHARAMPUR,CPI(M),3,Post Graduate,3694562,800000,2894562,32,GEN,MANDI,BEAS RIVER REGION
Bidhi Chand,FATEHPUR,IND,0,Post Graduate,10706489,0,10706489,8,GEN,KANGRA,BEAS RIVER REGION
Bikram Singh,JASWAN-PRAGPUR,BJP,1,Graduate Professional,7433840,2219713,5214127,11,GEN,KANGRA,BEAS RIVER REGION
Bikram Singh Jaryal,BHATTIYAT,BJP,1,Graduate,6448000,5000000,1448000,5,GEN,CHAMBA,BEAS RIVER REGION
Bikram Singh Rana,SULLAH,IND,0,10th Pass,8793116,2604910,6188206,14,GEN,KANGRA,BEAS RIVER REGION
Bir Singh,BAIJNATH,IND,0,Graduate,96636,0,96636,20,SC,KANGRA,BEAS RIVER REGION
Bumber Thakur,BILASPUR,INC,1,Graduate Professional,44683505,5744834,38938671,48,GEN,BILASPUR,SHIVALIK REGION
Chaman Lal,KARSOG,BSP,0,10th Pass,190120,0,190120,26,SC,MANDI,BEAS RIVER REGION
Champa Thakur,MANDI,INC,0,Post Graduate,17761708,2383329,15378379,33,GEN,MANDI,BEAS RIVER REGION
Chander Kumar,JAWALI,INC,0,Post Graduate,61260532,2099140,59161392,9,GEN,KANGRA,BEAS RIVER REGION
Chander Shekhar,DHARAMPUR,INC,0,Graduate Professional,2249357,161000,2088357,32,GEN,MANDI,BEAS RIVER REGION
Chet Ram,SERAJ,INC,0,10th Pass,10404992,708490,9696502,29,GEN,MANDI,BEAS RIVER REGION
Churamani,DARANG,IND,0,10th Pass,3788,0,3788,30,GEN,MANDI,BEAS RIVER REGION
Deepak Kumar,THEOG,INC,0,Graduate Professional,2100000,0,2100000,61,GEN,SHIMLA,SHIMLA REGION
Des Raj,CHURAH,IND,0,Graduate,12063243,170421,11892822,1,SC,CHAMBA,BEAS RIVER REGION
Desh Raj,MANDI,IND,2,Graduate,2396269,675447,1720822,33,GEN,MANDI,BEAS RIVER REGION
Desh Raj,SHAHPUR,IND,0,Post Graduate,15599200,1992244,13606956,17,GEN,KANGRA,BEAS RIVER REGION
Dev Raj Bhardwaj,KASUMPTI,IND,0,Others,652802017,0,652802017,62,GEN,SHIMLA,SHIMLA REGION
Devi Ram Sharma,THEOG,IND,0,Post Graduate,21000000,3900000,17100000,61,GEN,SHIMLA,SHIMLA REGION
Dhani Ram,BHORANJ,IND,0,Graduate,3868743,0,3868743,36,SC,HAMIRPUR,SHIVALIK REGION
Dhani Ram Shandil,SOLAN,INC,0,Doctorate,10747409,4611108,6136301,53,SC,SOLAN,SHIVALIK REGION
Dharam Singh,SUNDERNAGAR,BSP,0,10th Pass,886357,0,886357,27,GEN,MANDI,BEAS RIVER REGION
Dhavinder Singh,DALHOUSIE,BJP,2,10th Pass,80987490,9061961,71925529,4,GEN,CHAMBA,BEAS RIVER REGION
Dhian Singh,DALHOUSIE,CPI,0,10th Pass,12290091,0,12290091,4,GEN,CHAMBA,BEAS RIVER REGION
Digvijay Puri,DHARAMSHALA,IND,0,Graduate,16620000,170000,16450000,18,GEN,KANGRA,BEAS RIVER REGION
Digvijay Singh,DHARAMPUR,IND,0,Graduate Professional,32961000,252000,32709000,32,GEN,MANDI,BEAS RIVER REGION
Dile Ram Thakur,SERAJ,IND,0,12th Pass,145000,0,145000,29,GEN,MANDI,BEAS RIVER REGION
Dr. Ashok Kumar Somal,FATEHPUR,IND,0,Doctorate,13357000,0,13357000,8,GEN,KANGRA,BEAS RIVER REGION
Dr. Devinder Kumar Soni,CHAMBA,IND,0,Graduate Professional,18154412,548084,17606328,3,GEN,CHAMBA,BEAS RIVER REGION
Dr. Kishori Lal Sharma,SHIMLA,Swabhiman Party,0,Doctorate,1320000,720000,600000,63,GEN,SHIMLA,SHIMLA REGION
Dr. Rajeev Bindal,NAHAN,BJP,1,Graduate Professional,80963575,8098868,72864707,56,GEN,SIRMOUR,SHIVALIK REGION
Dr. Rajesh Sharma,KANGRA,IND,1,Post Graduate,748303097,13332656,734970441,16,GEN,KANGRA,BEAS RIVER REGION
Dr. Ram Lal Markanda,LAHAUL & SPITI,BJP,0,Doctorate,8773811,0,8773811,21,ST,LAHAUL & SPITI,GREATER HIMALAYAS
Dr.Subhash Chand Manglate,CHOPAL,INC,0,Doctorate,79266881,12000000,67266881,60,GEN,SHIMLA,SHIMLA REGION
Duni Chand,MANDI,IND,0,8th Pass,3150486,673000,2477486,33,GEN,MANDI,BEAS RIVER REGION
G S Bali,NAGROTA,INC,0,Not Given,449644670,171250473,278394197,15,GEN,KANGRA,BEAS RIVER REGION
Gagan Deep Prashar,JASWAN-PRAGPUR,IND,1,12th Pass,2950000,1045000,1905000,11,GEN,KANGRA,BEAS RIVER REGION
Gajender Thakur,MANALI,IND,0,Graduate,227140000,7400000,219740000,22,GEN,KULLU,BEAS RIVER REGION
Gangu Ram Musafir,PACHHAD,INC,0,Graduate,44817557,3924430,40893127,55,SC,SIRMOUR,SHIVALIK REGION
Govind Singh Thakur,MANALI,BJP,3,Graduate,68235051,11945108,56289943,22,GEN,KULLU,BEAS RIVER REGION
Gulab Singh Thakur,JOGINDERNAGAR,BJP,0,Graduate Professional,21051328,1230552,19820776,31,GEN,MANDI,BEAS RIVER REGION
Gulzar Singh,UNA,IND,0,8th Pass,3252000,450000,2802000,44,GEN,UNA,BEAS RIVER REGION
Gurnam Singh,NALAGARH,IND,0,8th Pass,1660000,1500000,160000,51,GEN,SOLAN,SHIVALIK REGION
Hans Raj,JASWAN-PRAGPUR,IND,0,Graduate Professional,1616000,50000,1566000,11,GEN,KANGRA,BEAS RIVER REGION
Hans Raj,CHURAH,BJP,2,Post Graduate,5294137,1587148,3706989,1,SC,CHAMBA,BEAS RIVER REGION
Harbans Lal,JAWALI,Navbharat Ekta Dal,0,Graduate,965361,125000,840361,9,GEN,KANGRA,BEAS RIVER REGION
Harbhajan Singh Bhajji,SHIMLA,INC,0,Graduate,39746203,293299,39452904,63,GEN,SHIMLA,SHIMLA REGION
Hardeep Singh Bawa,NALAGARH,IND,0,12th Pass,41870137,550000,41320137,51,GEN,SOLAN,SHIVALIK REGION
Hari Chand,CHOPAL,BSP,0,Post Graduate,9871000,0,9871000,60,GEN,SHIMLA,SHIMLA REGION
Hari Chand Sharma,MANALI,INC,0,10th Pass,77468186,23319240,54148946,22,GEN,KULLU,BEAS RIVER REGION
Hari Singh Panwar,CHOPAL,IND,0,Graduate Professional,3593000,0,3593000,60,GEN,SHIMLA,SHIMLA REGION
Harish Janartha,SHIMLA,IND,0,Graduate,53406000,6000000,47406000,63,GEN,SHIMLA,SHIMLA REGION
Harnam Singh,NURPUR,BSP,0,8th Pass,705955,0,705955,6,GEN,KANGRA,BEAS RIVER REGION
Harpreet Singh,NALAGARH,IND,0,Graduate Professional,5034091,0,5034091,51,GEN,SOLAN,SHIVALIK REGION
Harshwardhan Chauhan,SHILLAI,INC,0,Graduate Professional,112068559,4100000,107968559,59,GEN,SIRMOUR,SHIVALIK REGION
Hem Raj,SARKAGHAT,IND,0,10th Pass,3046000,64000,2982000,35,GEN,MANDI,BEAS RIVER REGION
Het Singh Verma,JOGINDERNAGAR,BSP,0,12th Pass,4524101,0,4524101,31,GEN,MANDI,BEAS RIVER REGION
Hirdaya Ram,SRI RENUKAJI,IND,0,Graduate Professional,5978664,3000120,2978544,57,SC,SIRMOUR,SHIVALIK REGION
Hoshiar Singh,JASWAN-PRAGPUR,BSP,0,Post Graduate,4254000,1923000,2331000,11,GEN,KANGRA,BEAS RIVER REGION
Hoshyar Singh,DEHRA,IND,1,12th Pass,48468980,14060198,34408782,10,GEN,KANGRA,BEAS RIVER REGION
Inder Dutt Lakhanpal,BARSAR,INC,0,Graduate,44098037,15000000,29098037,39,GEN,HAMIRPUR,SHIVALIK REGION
Inder Singh,SARKAGHAT,BJP,0,Post Graduate,27844813,1640000,26204813,35,GEN,MANDI,BEAS RIVER REGION
Inder Singh,BALH,BJP,0,10th Pass,11080083,0,11080083,34,SC,MANDI,BEAS RIVER REGION
Inder Singh,KASUMPTI,IND,0,8th Pass,440000,250000,190000,62,GEN,SHIMLA,SHIMLA REGION
Inder Singh Thakur,DOON,IND,0,Post Graduate,4602329,0,4602329,52,GEN,SOLAN,SHIVALIK REGION
Indu Bala,PALAMPUR,BJP,0,Graduate,8297494,425500,7871994,19,GEN,KANGRA,BEAS RIVER REGION
Jagat Singh Negi,KINNAUR,INC,0,Graduate Professional,30384449,2380965,28003484,68,ST,KINNAUR,GREATER HIMALAYAS
Jagdish Chand,SARKAGHAT,IND,0,Post Graduate,6440000,0,6440000,35,GEN,MANDI,BEAS RIVER REGION
Jagjiwan Paul,SULLAH,INC,0,12th Pass,9438200,3963300,5474900,14,GEN,KANGRA,BEAS RIVER REGION
Jai Chand,NAHAN,BSP,0,12th Pass,8898702,0,8898702,56,GEN,SIRMOUR,SHIVALIK REGION
Jai Ram Thakur,SERAJ,BJP,0,Graduate,32799144,1819462,30979682,29,GEN,MANDI,BEAS RIVER REGION
Janam Singh,BHARMOUR,IND,0,12th Pass,14598674,600000,13998674,2,ST,CHAMBA,BEAS RIVER REGION
Jawahar Thakur,DARANG,BJP,0,8th Pass,58912992,2500867,56412125,30,GEN,MANDI,BEAS RIVER REGION
Jeet Ram Katwal,JHANDUTA,BJP,0,Post Graduate,17098264,853593,16244671,46,SC,BILASPUR,SHIVALIK REGION
Jeevan Singh,KINNAUR,CPI(M),3,12th Pass,113400,0,113400,68,ST,KINNAUR,GREATER HIMALAYAS
Jhabe Ram Kaushal,BANJAR,BSP,0,Post Graduate,2332000,225000,2107000,24,GEN,KULLU,BEAS RIVER REGION
Jia Lal,BHARMOUR,BJP,2,10th Pass,8319838,0,8319838,2,ST,CHAMBA,BEAS RIVER REGION
Jit Ram,MANALI,BSP,0,12th Pass,1065000,50000,1015000,22,GEN,KULLU,BEAS RIVER REGION
Jiwan Lal,JOGINDERNAGAR,INC,0,Post Graduate,7224105,2048000,5176105,31,GEN,MANDI,BEAS RIVER REGION
Joginder Kumar,SUJANPUR,CPI(M),0,Graduate Professional,7545864,0,7545864,37,GEN,HAMIRPUR,SHIVALIK REGION
Kailash Chand,KINNAUR,BSP,0,Graduate,3769000,770000,2999000,68,ST,KINNAUR,GREATER HIMALAYAS
Kamal Kant Sharma,KULLU,IND,0,Graduate Professional,179086673,0,179086673,23,GEN,KULLU,BEAS RIVER REGION
Kamal Kishore,INDORA,INC,0,Graduate Professional,4959983,865880,4094103,7,SC,KANGRA,BEAS RIVER REGION
Kamal Kumar,DHARAMSHALA,IND,0,Post Graduate,195000,0,195000,18,GEN,KANGRA,BEAS RIVER REGION
Kamal Pathania,HAMIRPUR,IND,0,12th Pass,32779303,12925000,19854303,38,GEN,HAMIRPUR,SHIVALIK REGION
Kamlesh Kumari,BHORANJ,BJP,0,10th Pass,2919207,800000,2119207,36,SC,HAMIRPUR,SHIVALIK REGION
Kapoor Chand Choudhary,PALAMPUR,IND,0,Post Graduate,4535000,0,4535000,19,GEN,KANGRA,BEAS RIVER REGION
Kaul Singh,DARANG,INC,0,Graduate Professional,80384352,7733319,72651033,30,GEN,MANDI,BEAS RIVER REGION
Kedar Singh Jindan,SHILLAI,BSP,1,Post Graduate,1165000,0,1165000,59,GEN,SIRMOUR,SHIVALIK REGION
Kehar Singh,JAISINGHPUR,BSP,0,Doctorate,41500000,0,41500000,13,SC,KANGRA,BEAS RIVER REGION
Keshav Kumar,KASAULI,Swabhiman Party,0,5th Pass,5025000,2000000,3025000,54,SC,SOLAN,SHIVALIK REGION
Kewal Singh,SHAHPUR,INC,0,Post Graduate,27922603,3474255,24448348,17,GEN,KANGRA,BEAS RIVER REGION
Kirnesh Jung,PAONTA SAHIB,INC,0,12th Pass,83889425,6505550,77383875,58,GEN,SIRMOUR,SHIVALIK REGION
Kishan Chand,DHARAMSHALA,BJP,1,12th Pass,79986396,1971733,78014663,18,GEN,KANGRA,BEAS RIVER REGION
Kishori Lal,BAIJNATH,INC,0,10th Pass,41455034,600000,40855034,20,SC,KANGRA,BEAS RIVER REGION
Kishori Lal,ANNI,BJP,0,Post Graduate,25293001,1550000,23743001,25,SC,KULLU,BEAS RIVER REGION
Kripal Singh Parmar,FATEHPUR,BJP,0,Graduate Professional,27468286,800230,26668056,8,GEN,KANGRA,BEAS RIVER REGION
Krishan Lal Thakur,NALAGARH,BJP,3,Graduate Professional,27905607,7544353,20361254,51,GEN,SOLAN,SHIVALIK REGION
Kuldeep Singh,HAMIRPUR,INC,0,Graduate,20144988,959322,19185666,38,GEN,HAMIRPUR,SHIVALIK REGION
Kuldeep Singh Pathania,BHATTIYAT,INC,0,Graduate Professional,89573130,2229043,87344087,5,GEN,CHAMBA,BEAS RIVER REGION
Kuldip Kumar,CHINTPURNI,INC,0,Graduate,23663487,3963174,19700313,41,SC,UNA,BEAS RIVER REGION
Kuldip Singh,KANGRA,Lok Gathbandhan Party,0,Graduate,38314851,0,38314851,16,GEN,KANGRA,BEAS RIVER REGION
Kuldip Singh Tanwar,KASUMPTI,CPI(M),1,Doctorate,104627992,0,104627992,62,GEN,SHIMLA,SHIMLA REGION
Kumari Vandna,SULLAH,IND,0,Post Graduate,605375,0,605375,14,GEN,KANGRA,BEAS RIVER REGION
Kushal Bhardwaj,JOGINDERNAGAR,CPI(M),2,Post Graduate,2850163,0,2850163,31,GEN,MANDI,BEAS RIVER REGION
Kushal Raj,SHIMLA RURAL,Swabhiman Party,0,Graduate,6474000,0,6474000,64,GEN,SHIMLA,SHIMLA REGION
Lakhvinder Singh Rana,NALAGARH,INC,0,Graduate,57201782,3408000,53793782,51,GEN,SOLAN,SHIVALIK REGION
Lal Singh,NACHAN,INC,0,10th Pass,4067000,750000,3317000,28,SC,MANDI,BEAS RIVER REGION
Lal Singh Mastana,HAMIRPUR,BSP,0,Graduate,8279000,563390,7715610,38,GEN,HAMIRPUR,SHIVALIK REGION
Lalit Thakur,BHARMOUR,IND,1,Post Graduate,22470576,0,22470576,2,ST,CHAMBA,BEAS RIVER REGION
Lawan Kumar,MANDI,IND,1,Post Graduate,5891728,815000,5076728,33,GEN,MANDI,BEAS RIVER REGION
Laxman Dass,INDORA,IND,0,12th Pass,26157,0,26157,7,SC,KANGRA,BEAS RIVER REGION
Lekh Raj,NADAUN,IND,0,10th Pass,408907409,4876100,404031309,40,GEN,HAMIRPUR,SHIVALIK REGION
Lekh Raj,PALAMPUR,CPI(M),0,Graduate,1048000,143000,905000,19,GEN,KANGRA,BEAS RIVER REGION
Lekh Raj,SULLAH,IND,0,Graduate,10590000,0,10590000,14,GEN,KANGRA,BEAS RIVER REGION
Lekh Raj Katnoria,GAGRET,BSP,0,10th Pass,680000,200000,480000,42,GEN,UNA,BEAS RIVER REGION
Lokender Kumar,ANNI,CPI(M),7,Post Graduate,200000,0,200000,25,SC,KULLU,BEAS RIVER REGION
Lokinder Singh,JUBBAL-KOTKHAI,IND,0,Graduate,3486184,0,3486184,65,GEN,SHIMLA,SHIMLA REGION
Madan Lal,BHORANJ,Samaj Adhikar Kalyan Party,0,8th Pass,290000,0,290000,36,SC,HAMIRPUR,SHIVALIK REGION
Madan Mohan Thakur,KASUMPTI,IND,0,10th Pass,25117000,0,25117000,62,GEN,SHIMLA,SHIMLA REGION
Mahender Singh,DHARAMPUR,BJP,1,12th Pass,156335376,0,156335376,32,GEN,MANDI,BEAS RIVER REGION
Maheshwar Singh,KULLU,BJP,0,12th Pass,179950412,0,179950412,23,GEN,KULLU,BEAS RIVER REGION
Mani Ram,SHILLAI,Swabhiman Party,0,12th Pass,155000,0,155000,59,GEN,SIRMOUR,SHIVALIK REGION
Manjana Devi,JAWALI,BSP,0,12th Pass,175014,100000,75014,9,GEN,KANGRA,BEAS RIVER REGION
Manohar Lal,KUTLEHAR,BSP,0,10th Pass,4520684,450000,4070684,45,GEN,UNA,BEAS RIVER REGION
Manohar Lal,DEHRA,Bhartiya Himachal Jan Vikas Party,0,Illiterate,5717132,1900000,3817132,10,GEN,KANGRA,BEAS RIVER REGION
Meena Kumari,PAONTA SAHIB,Lok Gathbandhan Party,0,Post Graduate,1706761,0,1706761,58,GEN,SIRMOUR,SHIVALIK REGION
Mohan Dass,SHIMLA RURAL,IND,0,Graduate,4725110,300000,4425110,64,GEN,SHIMLA,SHIMLA REGION
Mohan Lal Brakta,ROHRU,INC,0,Graduate Professional,18280012,4000000,14280012,67,SC,SHIMLA,SHIMLA REGION
Mohinder Kumar,JAISINGHPUR,IND,0,Graduate,1273160,150000,1123160,13,SC,KANGRA,BEAS RIVER REGION
Mohinder Singh,SULLAH,BSP,0,Graduate,4945000,1300000,3645000,14,GEN,KANGRA,BEAS RIVER REGION
Moti Ram,SARKAGHAT,IND,0,8th Pass,2810000,400000,2410000,35,GEN,MANDI,BEAS RIVER REGION
Mujesh Kumar,JASWAN-PRAGPUR,IND,0,10th Pass,9955000,5580000,4375000,11,GEN,KANGRA,BEAS RIVER REGION
Mukesh Agnihotri,HAROLI,INC,0,Graduate,77507137,1615278,75891859,43,GEN,UNA,BEAS RIVER REGION
Mulkh Raj,BAIJNATH,BJP,0,10th Pass,532500,991000,-458500,20,SC,KANGRA,BEAS RIVER REGION
Munish Sharma,SARKAGHAT,CPI(M),6,Post Graduate,567357,0,567357,35,GEN,MANDI,BEAS RIVER REGION
Murli Dhar,JAISINGHPUR,All India Manavadhikar Rajnaitik Dal,0,Graduate,2813000,0,2813000,13,SC,KANGRA,BEAS RIVER REGION
Nagesh Kumar,BHATTIYAT,IND,0,Graduate,4778000,700000,4078000,5,GEN,CHAMBA,BEAS RIVER REGION
Nand Kumar,CHURAH,SP,0,Post Graduate,1000,0,1000,1,SC,CHAMBA,BEAS RIVER REGION
Nand Lal,RAMPUR,INC,0,Post Graduate,30504900,1750157,28754743,66,SC,SHIMLA,SHIMLA REGION
Narayan Chand,ROHRU,Swabhiman Party,0,5th Pass,546700,0,546700,67,SC,SHIMLA,SHIMLA REGION
Narender Kumar,MANDI,BSP,0,Graduate Professional,379623,28000,351623,33,GEN,MANDI,BEAS RIVER REGION
Narender Kumar,SERAJ,IND,1,Graduate Professional,300000,0,300000,29,GEN,MANDI,BEAS RIVER REGION
Narinder Bragta,JUBBAL-KOTKHAI,BJP,1,Post Graduate,36664050,1455561,35208489,65,GEN,SHIMLA,SHIMLA REGION
Narinder Thakur,HAMIRPUR,BJP,0,Post Graduate,23274307,4434675,18839632,38,GEN,HAMIRPUR,SHIVALIK REGION
Navneet,NAGROTA,IND,0,12th Pass,151000,0,151000,15,GEN,KANGRA,BEAS RIVER REGION
Neeraj Nayar,CHAMBA,INC,1,Graduate,61843180,9847931,51995249,3,GEN,CHAMBA,BEAS RIVER REGION
Nisha Katoch,DHARAMSHALA,Swabhiman Party,0,Graduate Professional,6916414,2200000,4716414,18,GEN,KANGRA,BEAS RIVER REGION
Om Parkash,FATEHPUR,BSP,0,Graduate Professional,14036421,0,14036421,8,GEN,KANGRA,BEAS RIVER REGION
Om Prakash,JASWAN-PRAGPUR,IND,0,8th Pass,3245000,595000,2650000,11,GEN,KANGRA,BEAS RIVER REGION
Pankaj Kumar,DHARAMSHALA,IND,0,10th Pass,149069,10425,138644,18,GEN,KANGRA,BEAS RIVER REGION
Paramjeet Singh,DOON,BJP,0,Graduate,127386818,4048939,123337879,52,GEN,SOLAN,SHIVALIK REGION
Paras Ram,ANNI,INC,0,Graduate,5802000,300000,5502000,25,SC,KULLU,BEAS RIVER REGION
Paras Ram,CHAMBA,BSP,0,12th Pass,1010000,0,1010000,3,GEN,CHAMBA,BEAS RIVER REGION
Paro Devi,SARKAGHAT,Lok Gathbandhan Party,0,Graduate Professional,3953000,9300000,-5347000,35,GEN,MANDI,BEAS RIVER REGION
Parveen Kumar,SUJANPUR,BSP,0,Graduate,16999075,6700000,10299075,37,GEN,HAMIRPUR,SHIVALIK REGION
Parveen Kumar,PALAMPUR,IND,0,Graduate,10654499,1013499,9641000,19,GEN,KANGRA,BEAS RIVER REGION
Pawan Kumar,DHARAMSHALA,BSP,1,10th Pass,923500,0,923500,18,GEN,KANGRA,BEAS RIVER REGION
Pawan Kumar,SARKAGHAT,INC,0,12th Pass,40829226,8133756,32695470,35,GEN,MANDI,BEAS RIVER REGION
Pawan Kumar Kajal,KANGRA,INC,0,10th Pass,75733767,4212363,71521404,16,GEN,KANGRA,BEAS RIVER REGION
Pawan Nayyar,CHAMBA,BJP,0,Graduate,33422263,2812000,30610263,3,GEN,CHAMBA,BEAS RIVER REGION
Pinki Devi,NAGROTA,BSP,0,5th Pass,10290000,0,10290000,15,GEN,KANGRA,BEAS RIVER REGION
Prakash Chand,DHARAMPUR,IND,0,Post Graduate,9700000,1050000,8650000,32,GEN,MANDI,BEAS RIVER REGION
Prakash Chaudhary,BALH,INC,0,Post Graduate,17827964,3402177,14425787,34,SC,MANDI,BEAS RIVER REGION
Prakash Prem Kumar,JOGINDERNAGAR,IND,0,10th Pass,208607293,764459,207842834,31,GEN,MANDI,BEAS RIVER REGION
Pramod Kumar Sharma,SHIMLA RURAL,BJP,0,Doctorate,18931820,1622106,17309714,64,GEN,SHIMLA,SHIMLA REGION
Pratap Singh,JAWALAMUKHI,IND,0,10th Pass,3325968,250000,3075968,12,GEN,KANGRA,BEAS RIVER REGION
Praveen Kumar,BHORANJ,BSP,0,Graduate,2734350,779000,1955350,36,SC,HAMIRPUR,SHIVALIK REGION
Prem Kumar,BALH,BSP,0,Post Graduate,1339703,576753,762950,34,SC,MANDI,BEAS RIVER REGION
Prem Kumar Dhumal,SUJANPUR,BJP,2,Post Graduate,36279509,0,36279509,37,GEN,HAMIRPUR,SHIVALIK REGION
Prem Singh Draik,RAMPUR,BJP,0,Post Graduate,26213814,300000,25913814,66,SC,SHIMLA,SHIMLA REGION
Prithi Chand,NADAUN,IND,1,10th Pass,4665430,0,4665430,40,GEN,HAMIRPUR,SHIVALIK REGION
Puran Chand,DARANG,IND,0,10th Pass,8286000,0,8286000,30,GEN,MANDI,BEAS RIVER REGION
Rahul Ranpatia,BHATTIYAT,IND,0,Graduate Professional,8435000,500000,7935000,5,GEN,CHAMBA,BEAS RIVER REGION
Raj Kumar,SARKAGHAT,BSP,0,Graduate Professional,793000,0,793000,35,GEN,MANDI,BEAS RIVER REGION
Raj Kumar,HAMIRPUR,Samaj Adhikar Kalyan Party,0,10th Pass,260000,0,260000,38,GEN,HAMIRPUR,SHIVALIK REGION
Rajan Sushant,FATEHPUR,IND,1,Graduate Professional,24740022,4906645,19833377,8,GEN,KANGRA,BEAS RIVER REGION
Rajeev Kumar Kaundal,KASAULI,IND,1,Graduate Professional,1712203,0,1712203,54,SC,SOLAN,SHIVALIK REGION
Rajeev Kumar Negi,KINNAUR,Rashtravadi Pratap Sena,0,Post Graduate,15704984,318695,15386289,68,ST,KINNAUR,GREATER HIMALAYAS
Rajender Paul Kashav,BALH,All India Forward Bloc,0,Graduate Professional,5393089,1400000,3993089,34,SC,MANDI,BEAS RIVER REGION
Rajesh Dharmani,GHUMARWIN,INC,0,Post Graduate,9863447,574457,9288990,47,GEN,BILASPUR,SHIVALIK REGION
Rajesh Kashyap,SOLAN,BJP,0,Post Graduate,30831786,1917716,28914070,53,SC,SOLAN,SHIVALIK REGION
Rajesh Thakur,GAGRET,BJP,0,Graduate,208371632,3540066,204831566,42,GEN,UNA,BEAS RIVER REGION
Rajinder Garg,GHUMARWIN,BJP,0,Post Graduate,26980169,346499,26633670,47,GEN,BILASPUR,SHIVALIK REGION
Rajinder Karpa,LAHAUL & SPITI,IND,0,Graduate,4600000,0,4600000,21,ST,LAHAUL & SPITI,GREATER HIMALAYAS
Rajinder Singh,SUJANPUR,INC,0,Graduate,264833629,2411117,262422512,37,GEN,HAMIRPUR,SHIVALIK REGION
Rajiv Gautam,UNA,IND,0,Graduate Professional,183090291,1261140,181829151,44,GEN,UNA,BEAS RIVER REGION
Rajiv Saizal,KASAULI,BJP,0,Graduate Professional,7709500,331745,7377755,54,SC,SOLAN,SHIVALIK REGION
Rakesh Kalia,GAGRET,INC,0,Graduate,189600646,60971027,128629619,42,GEN,UNA,BEAS RIVER REGION
Rakesh Kumar,JAWALI,IND,0,Graduate Professional,3972316,0,3972316,9,GEN,KANGRA,BEAS RIVER REGION
Rakesh Kumar,SUNDERNAGAR,BJP,1,Graduate,20500212,1399157,19101055,27,GEN,MANDI,BEAS RIVER REGION
Rakesh Pathania,NURPUR,BJP,3,12th Pass,34652605,7201548,27451057,6,GEN,KANGRA,BEAS RIVER REGION
Rakesh Singha,THEOG,CPI(M),2,Graduate Professional,181508484,0,181508484,61,GEN,SHIMLA,SHIMLA REGION
Rakesh Verma,THEOG,BJP,0,Graduate Professional,102591040,1050000,101541040,61,GEN,SHIMLA,SHIMLA REGION
Ram Kumar,DOON,INC,3,Post Graduate,408144720,13783858,394360862,52,GEN,SOLAN,SHIVALIK REGION
Ram Kumar,HAROLI,BJP,0,Post Graduate,7685653,0,7685653,43,GEN,UNA,BEAS RIVER REGION
Ram Lal Thakur,SRI NAINA DEVIJI,INC,0,Graduate Professional,35829952,0,35829952,49,GEN,BILASPUR,SHIVALIK REGION
Ramesh Chand,JAWALAMUKHI,BJP,1,10th Pass,4808000,63043,4744957,12,GEN,KANGRA,BEAS RIVER REGION
Ramesh Chand,BAIJNATH,BSP,0,12th Pass,10030000,0,10030000,20,SC,KANGRA,BEAS RIVER REGION
Ramesh Chand,SRI NAINA DEVIJI,IND,1,12th Pass,7603157,700000,6903157,49,GEN,BILASPUR,SHIVALIK REGION
Ramesh Kumar,KASUMPTI,BSP,0,Graduate,5052000,10000,5042000,62,GEN,SHIMLA,SHIMLA REGION
Ramesh Kumar,DHARAMPUR,Rashtriya Azad Manch,0,10th Pass,10862524,0,10862524,32,GEN,MANDI,BEAS RIVER REGION
Ramesh Kumar,SHAHPUR,IND,0,5th Pass,1717575,800000,917575,17,GEN,KANGRA,BEAS RIVER REGION
Ramesh Kumar,DARANG,BSP,0,8th Pass,73709,50000,23709,30,GEN,MANDI,BEAS RIVER REGION
Randhir Sharma,SRI NAINA DEVIJI,BJP,2,Post Graduate,18557732,0,18557732,49,GEN,BILASPUR,SHIVALIK REGION
Ranjeet Singh,NADAUN,IND,0,10th Pass,3276000,706250,2569750,40,GEN,HAMIRPUR,SHIVALIK REGION
Ranjit Singh,CHINTPURNI,BSP,0,Graduate,6442439,102000,6340439,41,SC,UNA,BEAS RIVER REGION
Rasal Singh,FATEHPUR,Lok Gathbandhan Party,0,10th Pass,1245000,0,1245000,8,GEN,KANGRA,BEAS RIVER REGION
Rattan Singh Kashyap,PACHHAD,IND,0,12th Pass,26831478,1120000,25711478,55,SC,SIRMOUR,SHIVALIK REGION
Rattan Singh Pal,ARKI,BJP,0,10th Pass,16606262,3298000,13308262,50,GEN,SOLAN,SHIVALIK REGION
Ravi Chand,KANGRA,NCP,0,10th Pass,8428951,3900000,4528951,16,GEN,KANGRA,BEAS RIVER REGION
Ravi Kumar,UNA,BSP,0,8th Pass,107999,0,107999,44,GEN,UNA,BEAS RIVER REGION
Ravi Parkash,NADAUN,BSP,1,10th Pass,10395000,7600000,2795000,40,GEN,HAMIRPUR,SHIVALIK REGION
Ravi Thakur,LAHAUL & SPITI,INC,0,Graduate,187551060,14741772,172809288,21,ST,LAHAUL & SPITI,GREATER HIMALAYAS
Ravinder Kumar,JAISINGHPUR,BJP,0,Graduate,5700611,603082,5097529,13,SC,KANGRA,BEAS RIVER REGION
Ravinder Pal Singh Mann,HAROLI,IND,0,Graduate Professional,2954546,0,2954546,43,GEN,UNA,BEAS RIVER REGION
Ravinder Singh,DEHRA,BJP,1,Graduate,16984000,4242968,12741032,10,GEN,KANGRA,BEAS RIVER REGION
Ravinder Singh Dogra,SUJANPUR,NCP,0,12th Pass,10000,50000,-40000,37,GEN,HAMIRPUR,SHIVALIK REGION
Ravinder Singh Rana,DHARAMSHALA,IND,0,Graduate,12430000,7701000,4729000,18,GEN,KANGRA,BEAS RIVER REGION
Reeta Devi,INDORA,BJP,0,10th Pass,5830925,192146,5638779,7,SC,KANGRA,BEAS RIVER REGION
Renuka Dogra,KULLU,Rashtriya Azad Manch,0,Graduate Professional,20990000,440200,20549800,23,GEN,KULLU,BEAS RIVER REGION
Rohit Thakur,JUBBAL-KOTKHAI,INC,0,Graduate,278237915,1000000,277237915,65,GEN,SHIMLA,SHIMLA REGION
Roshan Lal,THEOG,IND,0,12th Pass,726000,100000,626000,61,GEN,SHIMLA,SHIMLA REGION
Roshani Sharma,MANDI,IND,0,10th Pass,8410943,0,8410943,33,GEN,MANDI,BEAS RIVER REGION
Rustam Singh,JAWALI,CPI,0,Graduate,9857819,0,9857819,9,GEN,KANGRA,BEAS RIVER REGION
Saju Ram,DHARAMPUR,IND,0,8th Pass,210000,10000,200000,32,GEN,MANDI,BEAS RIVER REGION
Sandeep Sharma,KUTLEHAR,Swabhiman Party,0,Graduate Professional,38170000,16000000,22170000,45,GEN,UNA,BEAS RIVER REGION
Sanjay Chaudhary,KANGRA,BJP,0,Post Graduate,9395971,2570793,6825178,16,GEN,KANGRA,BEAS RIVER REGION
Sanjay Chauhan,SHIMLA,CPI(M),0,Post Graduate,15422613,0,15422613,63,GEN,SHIMLA,SHIMLA REGION
Sanjay Rattan,JAWALAMUKHI,INC,0,Graduate Professional,16156899,2107284,14049615,12,GEN,KANGRA,BEAS RIVER REGION
Sanjiv Kumar,SARKAGHAT,IND,0,Graduate Professional,1380000,250000,1130000,35,GEN,MANDI,BEAS RIVER REGION
Saroti Devi,BARSAR,BSP,0,5th Pass,681000,650000,31000,39,GEN,HAMIRPUR,SHIVALIK REGION
Sarveen,SHAHPUR,BJP,0,Post Graduate,41948982,5500000,36448982,17,GEN,KANGRA,BEAS RIVER REGION
Satpal Singh Raizada,UNA,INC,0,10th Pass,89637432,52963667,36673765,44,GEN,UNA,BEAS RIVER REGION
Satpal Singh Satti,UNA,BJP,0,Post Graduate,31422977,1246674,30176303,44,GEN,UNA,BEAS RIVER REGION
Satya Prakash,NACHAN,IND,0,12th Pass,385000,0,385000,28,SC,MANDI,BEAS RIVER REGION
Sawarn Dass,KUTLEHAR,IND,0,12th Pass,3550000,320000,3230000,45,GEN,UNA,BEAS RIVER REGION
Sh. Bhagat Ram,KARSOG,IND,0,Graduate,9159216,1300000,7859216,26,SC,MANDI,BEAS RIVER REGION
Sh. Bhagwant Singh,KARSOG,IND,0,Post Graduate,5200000,450000,4750000,26,SC,MANDI,BEAS RIVER REGION
Sh. Hira Lal,KARSOG,BJP,0,12th Pass,3202108,2500000,702108,26,SC,MANDI,BEAS RIVER REGION
Sh. Mansa Ram,KARSOG,INC,0,Graduate,18374833,10573004,7801829,26,SC,MANDI,BEAS RIVER REGION
Sh. Mast Ram,KARSOG,IND,0,Graduate,8209961,845000,7364961,26,SC,MANDI,BEAS RIVER REGION
Sh. Mehar Singh Khukhaliya,KARSOG,Rashtriya Azad Manch,3,10th Pass,6560000,25000,6535000,26,SC,MANDI,BEAS RIVER REGION
Sh. Pawan Kumar,KARSOG,IND,0,Post Graduate,311000,0,311000,26,SC,MANDI,BEAS RIVER REGION
Shashi Bala,ROHRU,BJP,0,Post Graduate,4374465,0,4374465,67,SC,SHIMLA,SHIMLA REGION
Shashi Kant Chauhan,SOLAN,IND,0,8th Pass,2270481,150000,2120481,53,SC,SOLAN,SHIVALIK REGION
Shiv Hari Pal,KUTLEHAR,IND,1,12th Pass,14796354,1296923,13499431,45,GEN,UNA,BEAS RIVER REGION
Shurvir Singh,ROHRU,BSP,0,Graduate,110000,1826000,-1716000,67,SC,SHIMLA,SHIMLA REGION
Singhi Ram,RAMPUR,IND,1,Graduate Professional,58522035,15041674,43480361,66,SC,SHIMLA,SHIMLA REGION
Sita Ram Bhardwaj,BARSAR,IND,0,12th Pass,60523951,3360600,57163351,39,GEN,HAMIRPUR,SHIVALIK REGION
Sohan Lal,SUNDERNAGAR,INC,0,Post Graduate,81394949,2200000,79194949,27,GEN,MANDI,BEAS RIVER REGION
Subhash Chand Shukla,DHARAMSHALA,IND,0,Graduate,16100000,0,16100000,18,GEN,KANGRA,BEAS RIVER REGION
Subhash Sharma,GAGRET,IND,0,Graduate Professional,4156460,19700,4136760,42,GEN,UNA,BEAS RIVER REGION
Subhash Thakur,BILASPUR,BJP,1,Post Graduate,18465397,430144,18035253,48,GEN,BILASPUR,SHIVALIK REGION
Sudarshan,LAHAUL & SPITI,IND,0,Graduate Professional,950000,300000,650000,21,ST,LAHAUL & SPITI,GREATER HIMALAYAS
Sudesh Kumar,DEHRA,IND,0,12th Pass,4818000,0,4818000,10,GEN,KANGRA,BEAS RIVER REGION
Sudhir Sharma,DHARAMSHALA,INC,0,Graduate,47713829,4800858,42912971,18,GEN,KANGRA,BEAS RIVER REGION
Sujan Singh Pathania,FATEHPUR,INC,0,Graduate,191577529,881732,190695797,8,GEN,KANGRA,BEAS RIVER REGION
Sukh Ram,PAONTA SAHIB,BJP,1,12th Pass,22226492,2378131,19848361,58,GEN,SIRMOUR,SHIVALIK REGION
Sukh Ram Thakur,SRI NAINA DEVIJI,IND,0,Post Graduate,6105088,1980000,4125088,49,GEN,BILASPUR,SHIVALIK REGION
Sukhvinder Singh Thakur,NADAUN,INC,0,Post Graduate,50436952,9188778,41248174,40,GEN,HAMIRPUR,SHIVALIK REGION
Sunder Lal,SERAJ,BSP,0,8th Pass,9000,0,9000,29,GEN,MANDI,BEAS RIVER REGION
Sunder Singh Thakur,KULLU,INC,0,Graduate Professional,208032031,24536547,183495484,23,GEN,KULLU,BEAS RIVER REGION
Suraj Mani,DARANG,IND,0,8th Pass,370000,0,370000,30,GEN,MANDI,BEAS RIVER REGION
Surender,PAONTA SAHIB,IND,0,8th Pass,22000,50000,-28000,58,GEN,SIRMOUR,SHIVALIK REGION
Surender Bhardwaj,CHURAH,INC,0,Graduate Professional,10015000,1000000,9015000,1,SC,CHAMBA,BEAS RIVER REGION
Surender Shourie,BANJAR,BJP,1,Graduate,2995766,747510,2248256,24,GEN,KULLU,BEAS RIVER REGION
Suresh Bhardwaj,SHIMLA,BJP,0,Graduate Professional,9353349,789320,8564029,63,GEN,SHIMLA,SHIMLA REGION
Suresh Kumar,BHORANJ,INC,1,Post Graduate,16077000,5500000,10577000,36,SC,HAMIRPUR,SHIVALIK REGION
Suresh Kumar,PALAMPUR,IND,0,8th Pass,156233,55000,101233,19,GEN,KANGRA,BEAS RIVER REGION
Suresh Kumar,GHUMARWIN,IND,0,12th Pass,366000,0,366000,47,GEN,BILASPUR,SHIVALIK REGION
Suresh Kumar Kashyap,PACHHAD,BJP,0,Post Graduate,11771138,6100000,5671138,55,SC,SIRMOUR,SHIVALIK REGION
Suresh Singh,RAMPUR,BSP,0,Post Graduate,116627,0,116627,66,SC,SHIMLA,SHIMLA REGION
Surinder Singh Mankotia,JASWAN-PRAGPUR,INC,0,Post Graduate,39143084,5567992,33575092,11,GEN,KANGRA,BEAS RIVER REGION
Sushil Kumar,INDORA,BSP,0,Graduate,382049,0,382049,7,SC,KANGRA,BEAS RIVER REGION
Tejwant Singh Negi,KINNAUR,BJP,0,Graduate,59004211,577930,58426281,68,ST,KINNAUR,GREATER HIMALAYAS
Thakur Singh Bharmouri,BHARMOUR,INC,0,Graduate,65784511,1619004,64165507,2,ST,CHAMBA,BEAS RIVER REGION
Tilak Raj,INDORA,IND,0,10th Pass,10581515,2402784,8178731,7,SC,KANGRA,BEAS RIVER REGION
Vijai Singh,SHAHPUR,IND,0,Graduate,22690000,0,22690000,17,GEN,KANGRA,BEAS RIVER REGION
Vijay Jyoti,KASUMPTI,BJP,0,10th Pass,70028722,1350442,68678280,62,GEN,SHIMLA,SHIMLA REGION
Vijay Kumar,KANGRA,BSP,0,12th Pass,3776181,0,3776181,16,GEN,KANGRA,BEAS RIVER REGION
Vijay Kumar,NADAUN,BJP,0,Post Graduate,18241077,971304,17269773,40,GEN,HAMIRPUR,SHIVALIK REGION
Vijay Singh,ARKI,Janral Samaj Party,0,Post Graduate,2360000,450000,1910000,50,GEN,SOLAN,SHIVALIK REGION
Vijay Singh,ARKI,IND,0,8th Pass,8362522,266522,8096000,50,GEN,SOLAN,SHIVALIK REGION
Vijender Kumar,JAWALAMUKHI,IND,0,Graduate,39006580,6172076,32834504,12,GEN,KANGRA,BEAS RIVER REGION
Vikas Kumar,DHARAMSHALA,IND,0,Post Graduate,2330723,0,2330723,18,GEN,KANGRA,BEAS RIVER REGION
Vikramaditya Singh,SHIMLA RURAL,INC,0,Post Graduate,843281014,55390000,787891014,64,GEN,SHIMLA,SHIMLA REGION
Vinay Kumar,SRI RENUKAJI,INC,0,10th Pass,33044987,8030702,25014285,57,SC,SIRMOUR,SHIVALIK REGION
Vinod Kumar,NACHAN,BJP,1,12th Pass,9174095,4411111,4762984,28,SC,MANDI,BEAS RIVER REGION
Vinod Sultanpuri,KASAULI,INC,0,Graduate Professional,40818476,322053,40496423,54,SC,SOLAN,SHIVALIK REGION
Vinod Thakur,BARSAR,Lok Gathbandhan Party,0,10th Pass,235732,616620,-380888,39,GEN,HAMIRPUR,SHIVALIK REGION
Vipan Chand,DEHRA,BSP,0,Graduate,5253758,1030000,4223758,10,GEN,KANGRA,BEAS RIVER REGION
Vipin Singh Parmar,SULLAH,BJP,0,Graduate Professional,14413379,0,14413379,14,GEN,KANGRA,BEAS RIVER REGION
Viplove Thakur,DEHRA,INC,0,Post Graduate,15416380,0,15416380,10,GEN,KANGRA,BEAS RIVER REGION
Virbhadra Singh,ARKI,INC,1,Post Graduate,305215611,62524000,242691611,50,GEN,SOLAN,SHIVALIK REGION
Virender Kumar,SHIMLA,IND,0,Graduate,2629366,795000,1834366,63,GEN,SHIMLA,SHIMLA REGION
Virender Kumar,HAROLI,BSP,0,Graduate,361455,0,361455,43,GEN,UNA,BEAS RIVER REGION
Virender Kumar,NAHAN,Lok Gathbandhan Party,1,Graduate,2120000,0,2120000,56,GEN,SIRMOUR,SHIVALIK REGION
Virender Kumar Kashyap,KASAULI,CPI,0,12th Pass,247050,0,247050,54,SC,SOLAN,SHIVALIK REGION
Virender Sharma,DALHOUSIE,Rashtriya Azad Manch,1,12th Pass,9661000,3313847,6347153,4,GEN,CHAMBA,BEAS RIVER REGION
Virender Singh Kanwar,KUTLEHAR,BJP,0,Graduate Professional,33821430,5923190,27898240,45,GEN,UNA,BEAS RIVER REGION
Vishal Singh,SULLAH,IND,0,Post Graduate,5547095,618538,4928557,14,GEN,KANGRA,BEAS RIVER REGION
Vishwanath,NAHAN,CPI(M),0,Post Graduate,4650033,2400000,2250033,56,GEN,SIRMOUR,SHIVALIK REGION
Vivek Kashyap,RAMPUR,CPI(M),2,12th Pass,1522500,27000,1495500,66,SC,SHIMLA,SHIMLA REGION
Vivek Sharma,KUTLEHAR,INC,0,Graduate,13426556,5770135,7656421,45,GEN,UNA,BEAS RIVER REGION
Yadvinder Goma,JAISINGHPUR,INC,0,Post Graduate,11950000,2800000,9150000,13,SC,KANGRA,BEAS RIVER REGION