candidate_name,url,constituency,party,criminal_cases,education,assets,liabilities,net_assets,ac_no,reservations,district,sub_region,gender,serious_criminal_cases,declared_pan,filed_itr,party_eci
Aditya Vikram Singh,http://myneta.info/HimachalPradesh2017/candidate.php?candidate_id=3059,BANJAR,INC,0,Post Graduate,43424987,0,43424987,24,GEN,KULLU,BEAS RIVER REGION,Male,false,true,false,Indian National Congress
Ajay Bhatti,http://myneta.info/HimachalPradesh2017/candidate.php?candidate_id=3092,SOLAN,CPI(M),2,Post Graduate,11000,0,11000,53,SC,SOLAN,SHIVALIK REGION,Male,true,true,false,Communist Party of India (Marxist)
Ajay Mahajan,http://myneta.info/HimachalPradesh2017/candidate.php?candidate_id=3209,NURPUR,INC,0,Graduate,54166574,10755974,43410600,6,GEN,KANGRA,BEAS RIVER REGION,Male,false,true,true,Indian National Congress
Ajay Solanki,http://myneta.info/HimachalPradesh2017/candidate.php?candidate_id=3213,NAHAN,INC,0,12th Pass,6069512,0,6069512,56,GEN,SIRMOUR,SHIVALIK REGION,Male,false,true,false,Indian National Congress
Amar Singh,http://myneta.info/HimachalPradesh2017/candidate.php?candidate_id=3338,BILASPUR,Lok Gathbandhan Party,0,Graduate,1246883,834000,412883,48,GEN,BILASPUR,SHIVALIK REGION,Male,false,true,false,Lok Gathbandhan Party
Amit Kumar,http://myneta.info/HimachalPradesh2017/candidate.php?candidate_id=3153,JASWAN-PRAGPUR,IND,0,12th Pass,575000,80000,495000,11,GEN,KANGRA,BEAS RIVER REGION,Male,false,true,false,Independent
Anil Kumar Mankotia,http://myneta.info/HimachalPradesh2017/candidate.php?candidate_id=3308,HAMIRPUR,CPI(M),2,Graduate,575000,0,575000,38,GEN,HAMIRPUR,SHIVALIK REGION,Male,true,true,false,Communist Party of India (Marxist)
Anil Sharma,http://myneta.info/HimachalPradesh2017/candidate.php?candidate_id=3289,MANDI,BJP,1,12th Pass,402482216,20944395,381537821,33,GEN,MANDI,BEAS RIVER REGION,Male,false,true,true,Bharatiya Janata Party
Anirudh Singh,http://myneta.info/HimachalPradesh2017/candidate.php?candidate_id=3189,KASUMPTI,INC,0,Graduate,162217508,10999355,151218153,62,GEN,SHIMLA,SHIMLA REGION,Male,false,true,true,Indian National Congress
Anita Alias Nitu,http://myneta.info/HimachalPradesh2017/candidate.php?candidate_id=3274,KARSOG,IND,1,12th Pass,9755000,95000,9660000,26,SC,MANDI,BEAS RIVER REGION,Female,true,true,false,Independent
Anup Dhiman,http://myneta.info/HimachalPradesh2017/candidate.php?candidate_id=3257,DHARAMSHALA,IND,0,Others,8730000,100000,8630000,18,GEN,KANGRA,BEAS RIVER REGION,Male,false,true,true,Independent
Anup Kumar,http://myneta.info/HimachalPradesh2017/candidate.php?candidate_id=3155,JASWAN-PRAGPUR,IND,0,12th Pass,1150000,0,1150000,11,GEN,KANGRA,BEAS RIVER REGION,Male,false,true,false,Independent
Arjun Singh,http://myneta.info/HimachalPradesh2017/candidate.php?candidate_id=3398,JAWALI,BJP,0,Post Graduate,38871330,0,38871330,9,GEN,KANGRA,BEAS RIVER REGION,Male,false,true,true,Bharatiya Janata Party
Arun Kumar,http://myneta.info/HimachalPradesh2017/candidate.php?candidate_id=3207,NAGROTA,BJP,0,10th Pass,9129606,0,9129606,15,GEN,KANGRA,BEAS RIVER REGION,Male,false,true,true,Bharatiya Janata Party
Asha Kumari,http://myneta.info/HimachalPradesh2017/candidate.php?candidate_id=3221,DALHOUSIE,INC,1,Graduate,45310570,6066090,39244480,4,GEN,CHAMBA,BEAS RIVER REGION,Female,true,true,true,Indian National Congress
Ashish Butail,http://myneta.info/HimachalPradesh2017/candidate.php?candidate_id=3408,PALAMPUR,INC,0,Graduate,219458723,34592831,184865892,19,GEN,KANGRA,BEAS RIVER REGION,Male,false,true,true,Indian National Congress
Ashish Kumar,http://myneta.info/HimachalPradesh2017/candidate.php?candidate_id=3304,HAMIRPUR,IND,0,Graduate Professional,10500,0,10500,38,GEN,HAMIRPUR,SHIVALIK REGION,Male,false,false,false,Independent
Ashwani Kajal,http://myneta.info/HimachalPradesh2017/candidate.php?candidate_id=3256,DHARAMSHALA,Bahujan Mukti Party,0,Graduate,14826000,2750000,12076000,18,GEN,KANGRA,BEAS RIVER REGION,Male,false,true,true,Bahujan Mukti Party
Baini Parshad,http://myneta.info/HimachalPradesh2017/candidate.php?candidate_id=3172,PALAMPUR,IND,1,Post Graduate,17432768,1200000,16232768,19,GEN,KANGRA,BEAS RIVER REGION,Male,true,true,true,Independent
Bal Krishan Chauhan,http://myneta.info/HimachalPradesh2017/candidate.php?candidate_id=3396,CHAMBA,IND,1,Post Graduate,18061322,0,18061322,3,GEN,CHAMBA,BEAS RIVER REGION,Male,false,true,true,Independent
Bal Mukund,http://myneta.info/HimachalPradesh2017/candidate.php?candidate_id=3409,PALAMPUR,BSP,0,5th Pass,5220000,0,5220000,19,GEN,KANGRA,BEAS RIVER REGION,Male,false,false,false,Bahujan Samaj Party
Balak Ram Sharma,http://myneta.info/HimachalPradesh2017/candidate.php?candidate_id=3430,SRI NAINA DEVIJI,All India Forward Bloc,0,12th Pass,6042543,1214000,4828543,49,GEN,BILASPUR,SHIVALIK REGION,Male,false,true,true,All India Forward Bloc
Balbir Singh,http://myneta.info/HimachalPradesh2017/candidate.php?candidate_id=3086,CHINTPURNI,BJP,1,Graduate,45411401,51766017,-6354616,41,SC,UNA,BEAS RIVER REGION,Male,false,true,true,Bharatiya Janata Party
Balbir Singh,http://myneta.info/HimachalPradesh2017/candidate.php?candidate_id=3085,SRI RENUKAJI,BJP,0,Post Graduate,7815428,330812,7484616,57,SC,SIRMOUR,SHIVALIK REGION,Male,false,true,true,Bharatiya Janata Party
Baldev Sharma,http://myneta.info/HimachalPradesh2017/candidate.php?candidate_id=3064,BARSAR,BJP,0,12th Pass,29975141,7565895,22409246,39,GEN,HAMIRPUR,SHIVALIK REGION,Male,false,true,true,Bharatiya Janata Party
Baldev Singh,http://myneta.info/HimachalPradesh2017/candidate.php?candidate_id=3439,SHILLAI,BJP,0,Graduate,58788254,20800000,37988254,59,GEN,SIRMOUR,SHIVALIK REGION,Male,false,true,true,Bharatiya Janata Party
Baldev Thakur,http://myneta.info/HimachalPradesh2017/candidate.php?candidate_id=3128,FATEHPUR,IND,0,10th Pass,2728545,2347652,380893,8,GEN,KANGRA,BEAS RIVER REGION,Male,false,true,false,Independent
Balvir Singh Verma,http://myneta.info/HimachalPradesh2017/candidate.php?candidate_id=3359,CHOPAL,BJP,0,12th Pass,907329000,267334000,639995000,60,GEN,SHIMLA,SHIMLA REGION,Male,false,true,true,Bharatiya Janata Party
Balwant Singh,http://myneta.info/HimachalPradesh2017/candidate.php?candidate_id=3148,INDORA,IND,0,12th Pass,160000,0,160000,7,SC,KANGRA,BEAS RIVER REGION,Male,false,true,false,Independent
Banarsi Dass Dogra,http://myneta.info/HimachalPradesh2017/candidate.php?candidate_id=3109,SHAHPUR,BSP,0,5th Pass,2219000,0,2219000,17,GEN,KANGRA,BEAS RIVER REGION,Male,false,true,false,Bahujan Samaj Party
Basant Ram Sandhu,http://myneta.info/HimachalPradesh2017/candidate.php?candidate_id=3082,BILASPUR,IND,0,12th Pass,2006000,0,2006000,48,GEN,BILASPUR,SHIVALIK REGION,Male,false,false,false,Independent
Beeru Ram Kishore,http://myneta.info/HimachalPradesh2017/candidate.php?candidate_id=3162,JHANDUTA,INC,0,Graduate Professional,15776008,7143169,8632839,46,SC,BILASPUR,SHIVALIK REGION,Male,false,true,true,Indian National Congress
Bhupender,http://myneta.info/HimachalPradesh2017/candidate.php?candidate_id=3106,DHARAMPUR,CPI(M),3,Post Graduate,3694562,800000,2894562,32,GEN,MANDI,BEAS RIVER REGION,Male,true,true,false,Communist Party of India (Marxist)
Bidhi Chand,http://myneta.info/HimachalPradesh2017/candidate.php?candidate_id=3122,FATEHPUR,IND,0,Post Graduate,10706489,0,10706489,8,GEN,KANGRA,BEAS RIVER REGION,Male,false,true,true,Independent
Bikram Singh,http://myneta.info/HimachalPradesh2017/candidate.php?candidate_id=3151,JASWAN-PRAGPUR,BJP,1,Graduate Professional,7433840,2219713,5214127,11,GEN,KANGRA,BEAS RIVER REGION,Male,false,true,true,Bharatiya Janata Party
Bikram Singh Jaryal,http://myneta.info/HimachalPradesh2017/candidate.php?candidate_id=3071,BHATTIYAT,BJP,1,Graduate,6448000,5000000,1448000,5,GEN,CHAMBA,BEAS RIVER REGION,Male,true,true,true,Bharatiya Janata Party
Bikram Singh Rana,http://myneta.info/HimachalPradesh2017/candidate.php?candidate_id=3075,SULLAH,IND,0,10th Pass,8793116,2604910,6188206,14,GEN,KANGRA,BEAS RIVER REGION,Male,false,true,true,Independent
Bir Singh,http://myneta.info/HimachalPradesh2017/candidate.php?candidate_id=3264,BAIJNATH,IND,0,Graduate,96636,0,96636,20,SC,KANGRA,BEAS RIVER REGION,Male,false,false,false,Independent
Bumber Thakur,http://myneta.info/HimachalPradesh2017/candidate.php?candidate_id=3339,BILASPUR,INC,1,Graduate Professional,44683505,5744834,38938671,48,GEN,BILASPUR,SHIVALIK REGION,Male,false,true,true,Indian National Congress
Chaman Lal,http://myneta.info/HimachalPradesh2017/candidate.php?candidate_id=3273,KARSOG,BSP,0,10th Pass,190120,0,190120,26,SC,MANDI,BEAS RIVER REGION,Male,false,false,false,Bahujan Samaj Party
Champa Thakur,http://myneta.info/HimachalPradesh2017/candidate.php?candidate_id=3199,MANDI,INC,0,Post Graduate,17761708,2383329,15378379,33,GEN,MANDI,BEAS RIVER REGION,Female,false,true,true,Indian National Congress
Chander Kumar,http://myneta.info/HimachalPradesh2017/candidate.php?candidate_id=3399,JAWALI,INC,0,Post Graduate,61260532,2099140,59161392,9,GEN,KANGRA,BEAS RIVER REGION,Male,false,true,true,Indian National Congress
Chander Shekhar,http://myneta.info/HimachalPradesh2017/candidate.php?candidate_id=3453,DHARAMPUR,INC,0,Graduate Professional,2249357,161000,2088357,32,GEN,MANDI,BEAS RIVER REGION,Male,false,true,true,Indian National Congress
Chet Ram,http://myneta.info/HimachalPradesh2017/candidate.php?candidate_id=3121,SERAJ,INC,0,10th Pass,10404992,708490,9696502,29,GEN,MANDI,BEAS RIVER REGION,Male,false,true,false,Indian National Congress
Churamani,http://myneta.info/HimachalPradesh2017/candidate.php?candidate_id=3283,DARANG,IND,0,10th Pass,3788,0,3788,30,GEN,MANDI,BEAS RIVER REGION,Male,false,false,false,Independent
Deepak Kumar,http://myneta.info/HimachalPradesh2017/candidate.php?candidate_id=3365,THEOG,INC,0,Graduate Professional,2100000,0,2100000,61,GEN,SHIMLA,SHIMLA REGION,Male,false,true,false,Indian National Congress
Des Raj,http://myneta.info/HimachalPradesh2017/candidate.php?candidate_id=3456,CHURAH,IND,0,Graduate,12063243,170421,11892822,1,SC,CHAMBA,BEAS RIVER REGION,Male,false,true,true,Independent
Desh Raj,http://myneta.info/HimachalPradesh2017/candidate.php?candidate_id=3290,MANDI,IND,2,Graduate,2396269,675447,1720822,33,GEN,MANDI,BEAS RIVER REGION,Male,false,true,true,Independent
Desh Raj,http://myneta.info/HimachalPradesh2017/candidate.php?candidate_id=3253,SHAHPUR,IND,0,Post Graduate,15599200,1992244,13606956,17,GEN,KANGRA,BEAS RIVER REGION,Male,false,true,true,Independent
Dev Raj Bhardwaj,http://myneta.info/HimachalPradesh2017/candidate.php?candidate_id=3367,KASUMPTI,IND,0,Others,652802017,0,652802017,62,GEN,SHIMLA,SHIMLA REGION,Male,false,true,false,Independent
Devi Ram Sharma,http://myneta.info/HimachalPradesh2017/candidate.php?candidate_id=3363,THEOG,IND,0,Post Graduate,21000000,3900000,17100000,61,GEN,SHIMLA,SHIMLA REGION,Male,false,true,true,Independent
Dhani Ram,http://myneta.info/HimachalPradesh2017/candidate.php?candidate_id=3077,BHORANJ,IND,0,Graduate,3868743,0,3868743,36,SC,HAMIRPUR,SHIVALIK REGION,Male,false,true,true,Independent
Dhani Ram Shandil,http://myneta.info/HimachalPradesh2017/candidate.php?candidate_id=3091,SOLAN,INC,0,Doctorate,10747409,4611108,6136301,53,SC,SOLAN,SHIVALIK REGION,Male,false,true,true,Indian National Congress
Dharam Singh,http://myneta.info/HimachalPradesh2017/candidate.php?candidate_id=3276,SUNDERNAGAR,BSP,0,10th Pass,886357,0,886357,27,GEN,MANDI,BEAS RIVER REGION,Male,false,true,false,Bahujan Samaj Party
Dhavinder Singh,http://myneta.info/HimachalPradesh2017/candidate.php?candidate_id=3094,DALHOUSIE,BJP,2,10th Pass,80987490,9061961,71925529,4,GEN,CHAMBA,BEAS RIVER REGION,Male,false,true,true,Bharatiya Janata Party
Dhian Singh,http://myneta.info/HimachalPradesh2017/candidate.php?candidate_id=3093,DALHOUSIE,CPI,0,10th Pass,12290091,0,12290091,4,GEN,CHAMBA,BEAS RIVER REGION,Male,false,true,true,Communist Party of India
Digvijay Puri,http://myneta.info/HimachalPradesh2017/candidate.php?candidate_id=3258,DHARAMSHALA,IND,0,Graduate,16620000,170000,16450000,18,GEN,KANGRA,BEAS RIVER REGION,Male,false,true,false,Independent
Digvijay Singh,http://myneta.info/HimachalPradesh2017/candidate.php?candidate_id=3449,DHARAMPUR,IND,0,Graduate Professional,32961000,252000,32709000,32,GEN,MANDI,BEAS RIVER REGION,Male,false,true,true,Independent
Dile Ram Thakur,http://myneta.info/HimachalPradesh2017/candidate.php?candidate_id=3279,SERAJ,IND,0,12th Pass,145000,0,145000,29,GEN,MANDI,BEAS RIVER REGION,Male,false,true,false,Independent
Dr. Ashok Kumar Somal,http://myneta.info/HimachalPradesh2017/candidate.php?candidate_id=3123,FATEHPUR,IND,0,Doctorate,13357000,0,13357000,8,GEN,KANGRA,BEAS RIVER REGION,Male,false,true,true,Independent
Dr. Devinder Kumar Soni,http://myneta.info/HimachalPradesh2017/candidate.php?candidate_id=3393,CHAMBA,IND,0,Graduate Professional,18154412,548084,17606328,3,GEN,CHAMBA,BEAS RIVER REGION,Male,false,true,true,Independent
Dr. Kishori Lal Sharma,http://myneta.info/HimachalPradesh2017/candidate.php?candidate_id=3375,SHIMLA,Swabhiman Party,0,Doctorate,1320000,720000,600000,63,GEN,SHIMLA,SHIMLA REGION,Male,false,true,true,Swabhiman Party
Dr. Rajeev Bindal,http://myneta.info/HimachalPradesh2017/candidate.php?candidate_id=3212,NAHAN,BJP,1,Graduate Professional,80963575,8098868,72864707,56,GEN,SIRMOUR,SHIVALIK REGION,Male,true,true,true,Bharatiya Janata Party
Dr. Rajesh Sharma,http://myneta.info/HimachalPradesh2017/candidate.php?candidate_id=3251,KANGRA,IND,1,Post Graduate,748303097,13332656,734970441,16,GEN,KANGRA,BEAS RIVER REGION,Male,true,true,true,Independent
Dr. Ram Lal Markanda,http://myneta.info/HimachalPradesh2017/candidate.php?candidate_id=3435,LAHAUL & SPITI,BJP,0,Doctorate,8773811,0,8773811,21,ST,LAHAUL & SPITI,GREATER HIMALAYAS,Male,false,true,true,Bharatiya Janata Party
Dr.Subhash Chand Manglate,http://myneta.info/HimachalPradesh2017/candidate.php?candidate_id=3090,CHOPAL,INC,0,Doctorate,79266881,12000000,67266881,60,GEN,SHIMLA,SHIMLA REGION,Male,false,true,true,Indian National Congress
Duni Chand,http://myneta.info/HimachalPradesh2017/candidate.php?candidate_id=3288,MANDI,IND,0,8th Pass,3150486,673000,2477486,33,GEN,MANDI,BEAS RIVER REGION,Male,false,true,false,Independent
G S Bali,http://myneta.info/HimachalPradesh2017/candidate.php?candidate_id=3245,NAGROTA,INC,0,Not Given,449644670,171250473,278394197,15,GEN,KANGRA,BEAS RIVER REGION,Male,false,true,true,Indian National Congress
Gagan Deep Prashar,http://myneta.info/HimachalPradesh2017/candidate.php?candidate_id=3236,JASWAN-PRAGPUR,IND,1,12th Pass,2950000,1045000,1905000,11,GEN,KANGRA,BEAS RIVER REGION,Male,true,true,true,Independent
Gajender Thakur,http://myneta.info/HimachalPradesh2017/candidate.php?candidate_id=3196,MANALI,IND,0,Graduate,227140000,7400000,219740000,22,GEN,KULLU,BEAS RIVER REGION,Male,false,true,true,Independent
Gangu Ram Musafir,http://myneta.info/HimachalPradesh2017/candidate.php?candidate_id=3175,PACHHAD,INC,0,Graduate,44817557,3924430,40893127,55,SC,SIRMOUR,SHIVALIK REGION,Male,false,true,true,Indian National Congress
Govind Singh Thakur,http://myneta.info/HimachalPradesh2017/candidate.php?candidate_id=3268,MANALI,BJP,3,Graduate,68235051,11945108,56289943,22,GEN,KULLU,BEAS RIVER REGION,Male,false,true,true,Bharatiya Janata Party
Gulab Singh Thakur,http://myneta.info/HimachalPradesh2017/candidate.php?candidate_id=3163,JOGINDERNAGAR,BJP,0,Graduate Professional,21051328,1230552,19820776,31,GEN,MANDI,BEAS RIVER REGION,Male,false,true,true,Bharatiya Janata Party
Gulzar Singh,http://myneta.info/HimachalPradesh2017/candidate.php?candidate_id=3326,UNA,IND,0,8th Pass,3252000,450000,2802000,44,GEN,UNA,BEAS RIVER REGION,Male,false,true,true,Independent
Gurnam Singh,http://myneta.info/HimachalPradesh2017/candidate.php?candidate_id=3423,NALAGARH,IND,0,8th Pass,1660000,1500000,160000,51,GEN,SOLAN,SHIVALIK REGION,Male,false,true,true,Independent
Hans Raj,http://myneta.info/HimachalPradesh2017/candidate.php?candidate_id=3235,JASWAN-PRAGPUR,IND,0,Graduate Professional,1616000,50000,1566000,11,GEN,KANGRA,BEAS RIVER REGION,Male,false,true,false,Independent
Hans Raj,http://myneta.info/HimachalPradesh2017/candidate.php?candidate_id=3454,CHURAH,BJP,2,Post Graduate,5294137,1587148,3706989,1,SC,CHAMBA,BEAS RIVER REGION,Male,true,true,true,Bharatiya Janata Party
Harbans Lal,http://myneta.info/HimachalPradesh2017/candidate.php?candidate_id=3401,JAWALI,Navbharat Ekta Dal,0,Graduate,965361,125000,840361,9,GEN,KANGRA,BEAS RIVER REGION,Male,false,true,false,Navbharat Ekta Dal
Harbhajan Singh Bhajji,http://myneta.info/HimachalPradesh2017/candidate.php?candidate_id=3376,SHIMLA,INC,0,Graduate,39746203,293299,39452904,63,GEN,SHIMLA,SHIMLA REGION,Male,false,true,true,Indian National Congress
Hardeep Singh Bawa,http://myneta.info/HimachalPradesh2017/candidate.php?candidate_id=3424,NALAGARH,IND,0,12th Pass,41870137,550000,41320137,51,GEN,SOLAN,SHIVALIK REGION,Male,false,true,true,Independent
Hari Chand,http://myneta.info/HimachalPradesh2017/candidate.php?candidate_id=3360,CHOPAL,BSP,0,Post Graduate,9871000,0,9871000,60,GEN,SHIMLA,SHIMLA REGION,Male,false,true,false,Bahujan Samaj Party
Hari Chand Sharma,http://myneta.info/HimachalPradesh2017/candidate.php?candidate_id=3269,MANALI,INC,0,10th Pass,77468186,23319240,54148946,22,GEN,KULLU,BEAS RIVER REGION,Male,false,true,true,Indian National Congress
Hari Singh Panwar,http://myneta.info/HimachalPradesh2017/candidate.php?candidate_id=3089,CHOPAL,IND,0,Graduate Professional,3593000,0,3593000,60,GEN,SHIMLA,SHIMLA REGION,Male,false,false,false,Independent
Harish Janartha,http://myneta.info/HimachalPradesh2017/candidate.php?candidate_id=3373,SHIMLA,IND,0,Graduate,53406000,6000000,47406000,63,GEN,SHIMLA,SHIMLA REGION,Male,false,true,true,Independent
Harnam Singh,http://myneta.info/HimachalPradesh2017/candidate.php?candidate_id=3223,NURPUR,BSP,0,8th Pass,705955,0,705955,6,GEN,KANGRA,BEAS RIVER REGION,Male,false,false,false,Bahujan Samaj Party
Harpreet Singh,http://myneta.info/HimachalPradesh2017/candidate.php?candidate_id=3427,NALAGARH,IND,0,Graduate Professional,5034091,0,5034091,51,GEN,SOLAN,SHIVALIK REGION,Male,false,true,true,Independent
Harshwardhan Chauhan,http://myneta.info/HimachalPradesh2017/candidate.php?candidate_id=3440,SHILLAI,INC,0,Graduate Professional,112068559,4100000,107968559,59,GEN,SIRMOUR,SHIVALIK REGION,Male,false,true,true,Indian National Congress
Hem Raj,http://myneta.info/HimachalPradesh2017/candidate.php?candidate_id=3129,SARKAGHAT,IND,0,10th Pass,3046000,64000,2982000,35,GEN,MANDI,BEAS RIVER REGION,Male,false,false,false,Independent
Het Singh Verma,http://myneta.info/HimachalPradesh2017/candidate.php?candidate_id=3286,JOGINDERNAGAR,BSP,0,12th Pass,4524101,0,4524101,31,GEN,MANDI,BEAS RIVER REGION,Male,false,true,true,Bahujan Samaj Party
Hirdaya Ram,http://myneta.info/HimachalPradesh2017/candidate.php?candidate_id=3351,SRI RENUKAJI,IND,0,Graduate Professional,5978664,3000120,2978544,57,SC,SIRMOUR,SHIVALIK REGION,Male,false,true,true,Independent
Hoshiar Singh,http://myneta.info/HimachalPradesh2017/candidate.php?candidate_id=3156,JASWAN-PRAGPUR,BSP,0,Post Graduate,4254000,1923000,2331000,11,GEN,KANGRA,BEAS RIVER REGION,Male,false,true,true,Bahujan Samaj Party
Hoshyar Singh,http://myneta.info/HimachalPradesh2017/candidate.php?candidate_id=3104,DEHRA,IND,1,12th Pass,48468980,14060198,34408782,10,GEN,KANGRA,BEAS RIVER REGION,Male,false,true,true,Independent
Inder Dutt Lakhanpal,http://myneta.info/HimachalPradesh2017/candidate.php?candidate_id=3063,BARSAR,INC,0,Graduate,44098037,15000000,29098037,39,GEN,HAMIRPUR,SHIVALIK REGION,Male,false,true,true,Indian National Congress
Inder Singh,http://myneta.info/HimachalPradesh2017/candidate.php?candidate_id=3133,SARKAGHAT,BJP,0,Post Graduate,27844813,1640000,26204813,35,GEN,MANDI,BEAS RIVER REGION,Male,false,true,true,Bharatiya Janata Party
Inder Singh,http://myneta.info/HimachalPradesh2017/candidate.php?candidate_id=3057,BALH,BJP,0,10th Pass,11080083,0,11080083,34,SC,MANDI,BEAS RIVER REGION,Male,false,true,false,Bharatiya Janata Party
Inder Singh,http://myneta.info/HimachalPradesh2017/candidate.php?candidate_id=3369,KASUMPTI,IND,0,8th Pass,440000,250000,190000,62,GEN,SHIMLA,SHIMLA REGION,Male,false,true,true,Independent
Inder Singh Thakur,http://myneta.info/HimachalPradesh2017/candidate.php?candidate_id=3119,DOON,IND,0,Post Graduate,4602329,0,4602329,52,GEN,SOLAN,SHIVALIK REGION,Male,false,true,true,Independent
Indu Bala,http://myneta.info/HimachalPradesh2017/candidate.php?candidate_id=3174,PALAMPUR,BJP,0,Graduate,8297494,425500,7871994,19,GEN,KANGRA,BEAS RIVER REGION,Female,false,true,true,Bharatiya Janata Party
Jagat Singh Negi,http://myneta.info/HimachalPradesh2017/candidate.php?candidate_id=3390,KINNAUR,INC,0,Graduate Professional,30384449,2380965,28003484,68,ST,KINNAUR,GREATER HIMALAYAS,Male,false,true,true,Indian National Congress
Jagdish Chand,http://myneta.info/HimachalPradesh2017/candidate.php?candidate_id=3130,SARKAGHAT,IND,0,Post Graduate,6440000,0,6440000,35,GEN,MANDI,BEAS RIVER REGION,Male,false,true,true,Independent
Jagjiwan Paul,http://myneta.info/HimachalPradesh2017/candidate.php?candidate_id=3243,SULLAH,INC,0,12th Pass,9438200,3963300,5474900,14,GEN,KANGRA,BEAS RIVER REGION,Male,false,true,true,Indian National Congress
Jai Chand,http://myneta.info/HimachalPradesh2017/candidate.php?candidate_id=3214,NAHAN,BSP,0,12th Pass,8898702,0,8898702,56,GEN,SIRMOUR,SHIVALIK REGION,Male,false,true,false,Bahujan Samaj Party
Jai Ram Thakur,http://myneta.info/HimachalPradesh2017/candidate.php?candidate_id=3120,SERAJ,BJP,0,Graduate,32799144,1819462,30979682,29,GEN,MANDI,BEAS RIVER REGION,Male,false,true,true,Bharatiya Janata Party
Janam Singh,http://myneta.info/HimachalPradesh2017/candidate.php?candidate_id=3216,BHARMOUR,IND,0,12th Pass,14598674,600000,13998674,2,ST,CHAMBA,BEAS RIVER REGION,Male,false,true,true,Independent
Jawahar Thakur,http://myneta.info/HimachalPradesh2017/candidate.php?candidate_id=3099,DARANG,BJP,0,8th Pass,58912992,2500867,56412125,30,GEN,MANDI,BEAS RIVER REGION,Male,false,true,true,Bharatiya Janata Party
Jeet Ram Katwal,http://myneta.info/HimachalPradesh2017/candidate.php?candidate_id=3161,JHANDUTA,BJP,0,Post Graduate,17098264,853593,16244671,46,SC,BILASPUR,SHIVALIK REGION,Male,false,true,true,Bharatiya Janata Party
Jeevan Singh,http://myneta.info/HimachalPradesh2017/candidate.php?candidate_id=3391,KINNAUR,CPI(M),3,12th Pass,113400,0,113400,68,ST,KINNAUR,GREATER HIMALAYAS,Male,true,true,false,Communist Party of India (Marxist)
Jhabe Ram Kaushal,http://myneta.info/HimachalPradesh2017/candidate.php?candidate_id=3272,BANJAR,BSP,0,Post Graduate,2332000,225000,2107000,24,GEN,KULLU,BEAS RIVER REGION,Male,false,true,false,Bahujan Samaj Party
Jia Lal,http://myneta.info/HimachalPradesh2017/candidate.php?candidate_id=3070,BHARMOUR,BJP,2,10th Pass,8319838,0,8319838,2,ST,CHAMBA,BEAS RIVER REGION,Male,false,true,true,Bharatiya Janata Party
Jit Ram,http://myneta.info/HimachalPradesh2017/candidate.php?candidate_id=3415,MANALI,BSP,0,12th Pass,1065000,50000,1015000,22,GEN,KULLU,BEAS RIVER REGION,Male,false,true,false,Bahujan Samaj Party
Jiwan Lal,http://myneta.info/HimachalPradesh2017/candidate.php?candidate_id=3284,JOGINDERNAGAR,INC,0,Post Graduate,7224105,2048000,5176105,31,GEN,MANDI,BEAS RIVER REGION,Male,false,true,true,Indian National Congress
Joginder Kumar,http://myneta.info/HimachalPradesh2017/candidate.php?candidate_id=3080,SUJANPUR,CPI(M),0,Graduate Professional,7545864,0,7545864,37,GEN,HAMIRPUR,SHIVALIK REGION,Male,false,false,false,Communist Party of India (Marxist)
Kailash Chand,http://myneta.info/HimachalPradesh2017/candidate.php?candidate_id=3190,KINNAUR,BSP,0,Graduate,3769000,770000,2999000,68,ST,KINNAUR,GREATER HIMALAYAS,Male,false,true,false,Bahujan Samaj Party
Kamal Kant Sharma,http://myneta.info/HimachalPradesh2017/candidate.php?candidate_id=3193,KULLU,IND,0,Graduate Professional,179086673,0,179086673,23,GEN,KULLU,BEAS RIVER REGION,Male,false,true,true,Independent
Kamal Kishore,http://myneta.info/HimachalPradesh2017/candidate.php?candidate_id=3147,INDORA,INC,0,Graduate Professional,4959983,865880,4094103,7,SC,KANGRA,BEAS RIVER REGION,Male,false,true,true,Indian National Congress
Kamal Kumar,http://myneta.info/HimachalPradesh2017/candidate.php?candidate_id=3113,DHARAMSHALA,IND,0,Post Graduate,195000,0,195000,18,GEN,KANGRA,BEAS RIVER REGION,Male,false,true,false,Independent
Kamal Pathania,http://myneta.info/HimachalPradesh2017/candidate.php?candidate_id=3305,HAMIRPUR,IND,0,12th Pass,32779303,12925000,19854303,38,GEN,HAMIRPUR,SHIVALIK REGION,Male,false,true,true,Independent
Kamlesh Kumari,http://myneta.info/HimachalPradesh2017/candidate.php?candidate_id=3078,BHORANJ,BJP,0,10th Pass,2919207,800000,2119207,36,SC,HAMIRPUR,SHIVALIK REGION,Female,false,true,false,Bharatiya Janata Party
Kapoor Chand Choudhary,http://myneta.info/HimachalPradesh2017/candidate.php?candidate_id=3173,PALAMPUR,IND,0,Post Graduate,4535000,0,4535000,19,GEN,KANGRA,BEAS RIVER REGION,Male,false,true,false,Independent
Kaul Singh,http://myneta.info/HimachalPradesh2017/candidate.php?candidate_id=3098,DARANG,INC,0,Graduate Professional,80384352,7733319,72651033,30,GEN,MANDI,BEAS RIVER REGION,Male,false,true,true,Indian National Congress
Kedar Singh Jindan,http://myneta.info/HimachalPradesh2017/candidate.php?candidate_id=3438,SHILLAI,BSP,1,Post Graduate,1165000,0,1165000,59,GEN,SIRMOUR,SHIVALIK REGION,Male,true,true,true,Bahujan Samaj Party
Kehar Singh,http://myneta.info/HimachalPradesh2017/candidate.php?candidate_id=3238,JAISINGHPUR,BSP,0,Doctorate,41500000,0,41500000,13,SC,KANGRA,BEAS RIVER REGION,Male,false,true,true,Bahujan Samaj Party
Keshav Kumar,http://myneta.info/HimachalPradesh2017/candidate.php?candidate_id=3392,KASAULI,Swabhiman Party,0,5th Pass,5025000,2000000,3025000,54,SC,SOLAN,SHIVALIK REGION,Male,false,true,true,Swabhiman Party
Kewal Singh,http://myneta.info/HimachalPradesh2017/candidate.php?candidate_id=3110,SHAHPUR,INC,0,Post Graduate,27922603,3474255,24448348,17,GEN,KANGRA,BEAS RIVER REGION,Male,false,true,true,Indian National Congress
Kirnesh Jung,http://myneta.info/HimachalPradesh2017/candidate.php?candidate_id=3354,PAONTA SAHIB,INC,0,12th Pass,83889425,6505550,77383875,58,GEN,SIRMOUR,SHIVALIK REGION,Male,false,true,true,Indian National Congress
Kishan Chand,http://myneta.info/HimachalPradesh2017/candidate.php?candidate_id=3115,DHARAMSHALA,BJP,1,12th Pass,79986396,1971733,78014663,18,GEN,KANGRA,BEAS RIVER REGION,Male,false,true,true,Bharatiya Janata Party
Kishori Lal,http://myneta.info/HimachalPradesh2017/candidate.php?candidate_id=3261,BAIJNATH,INC,0,10th Pass,41455034,600000,40855034,20,SC,KANGRA,BEAS RIVER REGION,Male,false,true,true,Indian National Congress
Kishori Lal,http://myneta.info/HimachalPradesh2017/candidate.php?candidate_id=3054,ANNI,BJP,0,Post Graduate,25293001,1550000,23743001,25,SC,KULLU,BEAS RIVER REGION,Male,false,true,true,Bharatiya Janata Party
Kripal Singh Parmar,http://myneta.info/HimachalPradesh2017/candidate.php?candidate_id=3226,FATEHPUR,BJP,0,Graduate Professional,27468286,800230,26668056,8,GEN,KANGRA,BEAS RIVER REGION,Male,false,true,true,Bharatiya Janata Party
Krishan Lal Thakur,http://myneta.info/HimachalPradesh2017/candidate.php?candidate_id=3425,NALAGARH,BJP,3,Graduate Professional,27905607,7544353,20361254,51,GEN,SOLAN,SHIVALIK REGION,Male,false,true,true,Bharatiya Janata Party
Kuldeep Singh,http://myneta.info/HimachalPradesh2017/candidate.php?candidate_id=3141,HAMIRPUR,INC,0,Graduate,20144988,959322,19185666,38,GEN,HAMIRPUR,SHIVALIK REGION,Male,false,true,true,Indian National Congress
Kuldeep Singh Pathania,http://myneta.info/HimachalPradesh2017/candidate.php?candidate_id=3418,BHATTIYAT,INC,0,Graduate Professional,89573130,2229043,87344087,5,GEN,CHAMBA,BEAS RIVER REGION,Male,false,true,true,Indian National Congress
Kuldip Kumar,http://myneta.info/HimachalPradesh2017/candidate.php?candidate_id=3087,CHINTPURNI,INC,0,Graduate,23663487,3963174,19700313,41,SC,UNA,BEAS RIVER REGION,Male,false,true,true,Indian National Congress
Kuldip Singh,http://myneta.info/HimachalPradesh2017/candidate.php?candidate_id=3177,KANGRA,Lok Gathbandhan Party,0,Graduate,38314851,0,38314851,16,GEN,KANGRA,BEAS RIVER REGION,Male,false,true,true,Lok Gathbandhan Party
Kuldip Singh Tanwar,http://myneta.info/HimachalPradesh2017/candidate.php?candidate_id=3370,KASUMPTI,CPI(M),1,Doctorate,104627992,0,104627992,62,GEN,SHIMLA,SHIMLA REGION,Male,false,true,true,Communist Party of India (Marxist)
Kumari Vandna,http://myneta.info/HimachalPradesh2017/candidate.php?candidate_id=3074,SULLAH,IND,0,Post Graduate,605375,0,605375,14,GEN,KANGRA,BEAS RIVER REGION,Female,false,true,false,Independent
Kushal Bhardwaj,http://myneta.info/HimachalPradesh2017/candidate.php?candidate_id=3285,JOGINDERNAGAR,CPI(M),2,Post Graduate,2850163,0,2850163,31,GEN,MANDI,BEAS RIVER REGION,Male,true,true,false,Communist Party of India (Marxist)
Kushal Raj,http://myneta.info/HimachalPradesh2017/candidate.php?candidate_id=3096,SHIMLA RURAL,Swabhiman Party,0,Graduate,6474000,0,6474000,64,GEN,SHIMLA,SHIMLA REGION,Male,false,true,true,Swabhiman Party
Lakhvinder Singh Rana,http://myneta.info/HimachalPradesh2017/candidate.php?candidate_id=3426,NALAGARH,INC,0,Graduate,57201782,3408000,53793782,51,GEN,SOLAN,SHIVALIK REGION,Male,false,true,true,Indian National Congress
Lal Singh,http://myneta.info/HimachalPradesh2017/candidate.php?candidate_id=3436,NACHAN,INC,0,10th Pass,4067000,750000,3317000,28,SC,MANDI,BEAS RIVER REGION,Male,false,true,false,Indian National Congress
Lal Singh Mastana,http://myneta.info/HimachalPradesh2017/candidate.php?candidate_id=3303,HAMIRPUR,BSP,0,Graduate,8279000,563390,7715610,38,GEN,HAMIRPUR,SHIVALIK REGION,Male,false,true,true,Bahujan Samaj Party
Lalit Thakur,http://myneta.info/HimachalPradesh2017/candidate.php?candidate_id=3218,BHARMOUR,IND,1,Post Graduate,22470576,0,22470576,2,ST,CHAMBA,BEAS RIVER REGION,Male,false,true,true,Independent
Lawan Kumar,http://myneta.info/HimachalPradesh2017/candidate.php?candidate_id=3200,MANDI,IND,1,Post Graduate,5891728,815000,5076728,33,GEN,MANDI,BEAS RIVER REGION,Male,true,true,false,Independent
Laxman Dass,http://myneta.info/HimachalPradesh2017/candidate.php?candidate_id=3146,INDORA,IND,0,12th Pass,26157,0,26157,7,SC,KANGRA,BEAS RIVER REGION,Male,false,true,false,Independent
Lekh Raj,http://myneta.info/HimachalPradesh2017/candidate.php?candidate_id=3205,NADAUN,IND,0,10th Pass,408907409,4876100,404031309,40,GEN,HAMIRPUR,SHIVALIK REGION,Male,false,true,true,Independent
Lekh Raj,http://myneta.info/HimachalPradesh2017/candidate.php?candidate_id=3411,PALAMPUR,CPI(M),0,Graduate,1048000,143000,905000,19,GEN,KANGRA,BEAS RIVER REGION,Male,false,true,true,Communist Party of India (Marxist)
Lekh Raj,http://myneta.info/HimachalPradesh2017/candidate.php?candidate_id=3073,SULLAH,IND,0,Graduate,10590000,0,10590000,14,GEN,KANGRA,BEAS RIVER REGION,Male,false,true,false,Independent
Lekh Raj Katnoria,http://myneta.info/HimachalPradesh2017/candidate.php?candidate_id=3321,GAGRET,BSP,0,10th Pass,680000,200000,480000,42,GEN,UNA,BEAS RIVER REGION,Male,false,false,false,Bahujan Samaj Party
Lokender Kumar,http://myneta.info/HimachalPradesh2017/candidate.php?candidate_id=3421,ANNI,CPI(M),7,Post Graduate,200000,0,200000,25,SC,KULLU,BEAS RIVER REGION,Male,true,true,false,Communist Party of India (Marxist)
Lokinder Singh,http://myneta.info/HimachalPradesh2017/candidate.php?candidate_id=3165,JUBBAL-KOTKHAI,IND,0,Graduate,3486184,0,3486184,65,GEN,SHIMLA,SHIMLA REGION,Male,false,true,true,Independent
Madan Lal,http://myneta.info/HimachalPradesh2017/candidate.php?candidate_id=3299,BHORANJ,Samaj Adhikar Kalyan Party,0,8th Pass,290000,0,290000,36,SC,HAMIRPUR,SHIVALIK REGION,Male,false,false,false,Samaj Adhikar Kalyan Party
Madan Mohan Thakur,http://myneta.info/HimachalPradesh2017/candidate.php?candidate_id=3188,KASUMPTI,IND,0,10th Pass,25117000,0,25117000,62,GEN,SHIMLA,SHIMLA REGION,Male,false,true,true,Independent
Mahender Singh,http://myneta.info/HimachalPradesh2017/candidate.php?candidate_id=3105,DHARAMPUR,BJP,1,12th Pass,156335376,0,156335376,32,GEN,MANDI,BEAS RIVER REGION,Male,false,true,true,Bharatiya Janata Party
Maheshwar Singh,http://myneta.info/HimachalPradesh2017/candidate.php?candidate_id=3192,KULLU,BJP,0,12th Pass,179950412,0,179950412,23,GEN,KULLU,BEAS RIVER REGION,Male,false,true,true,Bharatiya Janata Party
Mani Ram,http://myneta.info/HimachalPradesh2017/candidate.php?candidate_id=3442,SHILLAI,Swabhiman Party,0,12th Pass,155000,0,155000,59,GEN,SIRMOUR,SHIVALIK REGION,Male,false,true,false,Swabhiman Party
Manjana Devi,http://myneta.info/HimachalPradesh2017/candidate.php?candidate_id=3400,JAWALI,BSP,0,12th Pass,175014,100000,75014,9,GEN,KANGRA,BEAS RIVER REGION,Female,false,true,false,Bahujan Samaj Party
Manohar Lal,http://myneta.info/HimachalPradesh2017/candidate.php?candidate_id=3331,KUTLEHAR,BSP,0,10th Pass,4520684,450000,4070684,45,GEN,UNA,BEAS RIVER REGION,Male,false,true,true,Bahujan Samaj Party
Manohar Lal,http://myneta.info/HimachalPradesh2017/candidate.php?candidate_id=3101,DEHRA,Bhartiya Himachal Jan Vikas Party,0,Illiterate,5717132,1900000,3817132,10,GEN,KANGRA,BEAS RIVER REGION,Male,false,true,true,Bhartiya Himachal Jan Vikas Party
Meena Kumari,http://myneta.info/HimachalPradesh2017/candidate.php?candidate_id=3171,PAONTA SAHIB,Lok Gathbandhan Party,0,Post Graduate,1706761,0,1706761,58,GEN,SIRMOUR,SHIVALIK REGION,Female,false,true,true,Lok Gathbandhan Party
Mohan Dass,http://myneta.info/HimachalPradesh2017/candidate.php?candidate_id=3095,SHIMLA RURAL,IND,0,Graduate,4725110,300000,4425110,64,GEN,SHIMLA,SHIMLA REGION,Male,false,true,true,Independent
Mohan Lal Brakta,http://myneta.info/HimachalPradesh2017/candidate.php?candidate_id=3139,ROHRU,INC,0,Graduate Professional,18280012,4000000,14280012,67,SC,SHIMLA,SHIMLA REGION,Male,false,true,true,Indian National Congress
Mohinder Kumar,http://myneta.info/HimachalPradesh2017/candidate.php?candidate_id=3239,JAISINGHPUR,IND,0,Graduate,1273160,150000,1123160,13,SC,KANGRA,BEAS RIVER REGION,Male,false,true,true,Independent
Mohinder Singh,http://myneta.info/HimachalPradesh2017/candidate.php?candidate_id=3242,SULLAH,BSP,0,Graduate,4945000,1300000,3645000,14,GEN,KANGRA,BEAS RIVER REGION,Male,false,true,false,Bahujan Samaj Party
Moti Ram,http://myneta.info/HimachalPradesh2017/candidate.php?candidate_id=3131,SARKAGHAT,IND,0,8th Pass,2810000,400000,2410000,35,GEN,MANDI,BEAS RIVER REGION,Male,false,true,false,Independent
Mujesh Kumar,http://myneta.info/HimachalPradesh2017/candidate.php?candidate_id=3152,JASWAN-PRAGPUR,IND,0,10th Pass,9955000,5580000,4375000,11,GEN,KANGRA,BEAS RIVER REGION,Male,false,true,true,Independent
Mukesh Agnihotri,http://myneta.info/HimachalPradesh2017/candidate.php?candidate_id=3143,HAROLI,INC,0,Graduate,77507137,1615278,75891859,43,GEN,UNA,BEAS RIVER REGION,Male,false,true,true,Indian National Congress
Mulkh Raj,http://myneta.info/HimachalPradesh2017/candidate.php?candidate_id=3262,BAIJNATH,BJP,0,10th Pass,532500,991000,-458500,20,SC,KANGRA,BEAS RIVER REGION,Male,false,true,true,Bharatiya Janata Party
Munish Sharma,http://myneta.info/HimachalPradesh2017/candidate.php?candidate_id=3293,SARKAGHAT,CPI(M),6,Post Graduate,567357,0,567357,35,GEN,MANDI,BEAS RIVER REGION,Male,true,true,false,Communist Party of India (Marxist)
Murli Dhar,http://myneta.info/HimachalPradesh2017/candidate.php?candidate_id=3241,JAISINGHPUR,All India Manavadhikar Rajnaitik Dal,0,Graduate,2813000,0,2813000,13,SC,KANGRA,BEAS RIVER REGION,Male,false,true,true,All India Manavadhikar Rajnaitik Dal
Nagesh Kumar,http://myneta.info/HimachalPradesh2017/candidate.php?candidate_id=3420,BHATTIYAT,IND,0,Graduate,4778000,700000,4078000,5,GEN,CHAMBA,BEAS RIVER REGION,Male,false,true,true,Independent
Nand Kumar,http://myneta.info/HimachalPradesh2017/candidate.php?candidate_id=3455,CHURAH,SP,0,Post Graduate,1000,0,1000,1,SC,CHAMBA,BEAS RIVER REGION,Male,false,true,false,Samajwadi Party
Nand Lal,http://myneta.info/HimachalPradesh2017/candidate.php?candidate_id=3384,RAMPUR,INC,0,Post Graduate,30504900,1750157,28754743,66,SC,SHIMLA,SHIMLA REGION,Male,false,true,true,Indian National Congress
Narayan Chand,http://myneta.info/HimachalPradesh2017/candidate.php?candidate_id=3388,ROHRU,Swabhiman Party,0,5th Pass,546700,0,546700,67,SC,SHIMLA,SHIMLA REGION,Male,false,true,false,Swabhiman Party
Narender Kumar,http://myneta.info/HimachalPradesh2017/candidate.php?candidate_id=3201,MANDI,BSP,0,Graduate Professional,379623,28000,351623,33,GEN,MANDI,BEAS RIVER REGION,Male,false,true,true,Bahujan Samaj Party
Narender Kumar,http://myneta.info/HimachalPradesh2017/candidate.php?candidate_id=3278,SERAJ,IND,1,Graduate Professional,300000,0,300000,29,GEN,MANDI,BEAS RIVER REGION,Male,false,true,false,Independent
Narinder Bragta,http://myneta.info/HimachalPradesh2017/candidate.php?candidate_id=3382,JUBBAL-KOTKHAI,BJP,1,Post Graduate,36664050,1455561,35208489,65,GEN,SHIMLA,SHIMLA REGION,Male,false,true,true,Bharatiya Janata Party
Narinder Thakur,http://myneta.info/HimachalPradesh2017/candidate.php?candidate_id=3140,HAMIRPUR,BJP,0,Post Graduate,23274307,4434675,18839632,38,GEN,HAMIRPUR,SHIVALIK REGION,Male,false,true,true,Bharatiya Janata Party
Navneet,http://myneta.info/HimachalPradesh2017/candidate.php?candidate_id=3404,NAGROTA,IND,0,12th Pass,151000,0,151000,15,GEN,KANGRA,BEAS RIVER REGION,Male,false,true,false,Independent
Neeraj Nayar,http://myneta.info/HimachalPradesh2017/candidate.php?candidate_id=3394,CHAMBA,INC,1,Graduate,61843180,9847931,51995249,3,GEN,CHAMBA,BEAS RIVER REGION,Male,true,true,true,Indian National Congress
Nisha Katoch,http://myneta.info/HimachalPradesh2017/candidate.php?candidate_id=3111,DHARAMSHALA,Swabhiman Party,0,Graduate Professional,6916414,2200000,4716414,18,GEN,KANGRA,BEAS RIVER REGION,Female,false,true,true,Swabhiman Party
Om Parkash,http://myneta.info/HimachalPradesh2017/candidate.php?candidate_id=3125,FATEHPUR,BSP,0,Graduate Professional,14036421,0,14036421,8,GEN,KANGRA,BEAS RIVER REGION,Male,false,true,true,Bahujan Samaj Party
Om Prakash,http://myneta.info/HimachalPradesh2017/candidate.php?candidate_id=3154,JASWAN-PRAGPUR,IND,0,8th Pass,3245000,595000,2650000,11,GEN,KANGRA,BEAS RIVER REGION,Male,false,true,true,Independent
Pankaj Kumar,http://myneta.info/HimachalPradesh2017/candidate.php?candidate_id=3114,DHARAMSHALA,IND,0,10th Pass,149069,10425,138644,18,GEN,KANGRA,BEAS RIVER REGION,Male,false,true,true,Independent
Paramjeet Singh,http://myneta.info/HimachalPradesh2017/candidate.php?candidate_id=3118,DOON,BJP,0,Graduate,127386818,4048939,123337879,52,GEN,SOLAN,SHIVALIK REGION,Male,false,true,true,Bharatiya Janata Party
Paras Ram,http://myneta.info/HimachalPradesh2017/candidate.php?candidate_id=3422,ANNI,INC,0,Graduate,5802000,300000,5502000,25,SC,KULLU,BEAS RIVER REGION,Male,false,true,false,Indian National Congress
Paras Ram,http://myneta.info/HimachalPradesh2017/candidate.php?candidate_id=3397,CHAMBA,BSP,0,12th Pass,1010000,0,1010000,3,GEN,CHAMBA,BEAS RIVER REGION,Male,false,false,false,Bahujan Samaj Party
Paro Devi,http://myneta.info/HimachalPradesh2017/candidate.php?candidate_id=3132,SARKAGHAT,Lok Gathbandhan Party,0,Graduate Professional,3953000,9300000,-5347000,35,GEN,MANDI,BEAS RIVER REGION,Female,false,true,true,Lok Gathbandhan Party
Parveen Kumar,http://myneta.info/HimachalPradesh2017/candidate.php?candidate_id=3081,SUJANPUR,BSP,0,Graduate,16999075,6700000,10299075,37,GEN,HAMIRPUR,SHIVALIK REGION,Male,false,true,true,Bahujan Samaj Party
Parveen Kumar,http://myneta.info/HimachalPradesh2017/candidate.php?candidate_id=3410,PALAMPUR,IND,0,Graduate,10654499,1013499,9641000,19,GEN,KANGRA,BEAS RIVER REGION,Male,false,true,true,Independent
Pawan Kumar,http://myneta.info/HimachalPradesh2017/candidate.php?candidate_id=3255,DHARAMSHALA,BSP,1,10th Pass,923500,0,923500,18,GEN,KANGRA,BEAS RIVER REGION,Male,true,true,false,Bahujan Samaj Party
Pawan Kumar,http://myneta.info/HimachalPradesh2017/candidate.php?candidate_id=3292,SARKAGHAT,INC,0,12th Pass,40829226,8133756,32695470,35,GEN,MANDI,BEAS RIVER REGION,Male,false,true,true,Indian National Congress
Pawan Kumar Kajal,http://myneta.info/HimachalPradesh2017/candidate.php?candidate_id=3246,KANGRA,INC,0,10th Pass,75733767,4212363,71521404,16,GEN,KANGRA,BEAS RIVER REGION,Male,false,true,true,Indian National Congress
Pawan Nayyar,http://myneta.info/HimachalPradesh2017/candidate.php?candidate_id=3395,CHAMBA,BJP,0,Graduate,33422263,2812000,30610263,3,GEN,CHAMBA,BEAS RIVER REGION,Male,false,true,true,Bharatiya Janata Party
Pinki Devi,http://myneta.info/HimachalPradesh2017/candidate.php?candidate_id=3406,NAGROTA,BSP,0,5th Pass,10290000,0,10290000,15,GEN,KANGRA,BEAS RIVER REGION,Female,false,true,false,Bahujan Samaj Party
Prakash Chand,http://myneta.info/HimachalPradesh2017/candidate.php?candidate_id=3451,DHARAMPUR,IND,0,Post Graduate,9700000,1050000,8650000,32,GEN,MANDI,BEAS RIVER REGION,Male,false,true,true,Independent
Prakash Chaudhary,http://myneta.info/HimachalPradesh2017/candidate.php?candidate_id=3433,BALH,INC,0,Post Graduate,17827964,3402177,14425787,34,SC,MANDI,BEAS RIVER REGION,Male,false,true,true,Indian National Congress
Prakash Prem Kumar,http://myneta.info/HimachalPradesh2017/candidate.php?candidate_id=3164,JOGINDERNAGAR,IND,0,10th Pass,208607293,764459,207842834,31,GEN,MANDI,BEAS RIVER REGION,Male,false,true,true,Independent
Pramod Kumar Sharma,http://myneta.info/HimachalPradesh2017/candidate.php?candidate_id=3377,SHIMLA RURAL,BJP,0,Doctorate,18931820,1622106,17309714,64,GEN,SHIMLA,SHIMLA REGION,Male,false,true,true,Bharatiya Janata Party
Pratap Singh,http://myneta.info/HimachalPradesh2017/candidate.php?candidate_id=3402,JAWALAMUKHI,IND,0,10th Pass,3325968,250000,3075968,12,GEN,KANGRA,BEAS RIVER REGION,Male,false,true,false,Independent
Praveen Kumar,http://myneta.info/HimachalPradesh2017/candidate.php?candidate_id=3296,BHORANJ,BSP,0,Graduate,2734350,779000,1955350,36,SC,HAMIRPUR,SHIVALIK REGION,Male,false,true,false,Bahujan Samaj Party
Prem Kumar,http://myneta.info/HimachalPradesh2017/candidate.php?candidate_id=3446,BALH,BSP,0,Post Graduate,1339703,576753,762950,34,SC,MANDI,BEAS RIVER REGION,Male,false,true,true,Bahujan Samaj Party
Prem Kumar Dhumal,http://myneta.info/HimachalPradesh2017/candidate.php?candidate_id=3302,SUJANPUR,BJP,2,Post Graduate,36279509,0,36279509,37,GEN,HAMIRPUR,SHIVALIK REGION,Male,true,true,true,Bharatiya Janata Party
Prem Singh Draik,http://myneta.info/HimachalPradesh2017/candidate.php?candidate_id=3169,RAMPUR,BJP,0,Post Graduate,26213814,300000,25913814,66,SC,SHIMLA,SHIMLA REGION,Male,false,true,true,Bharatiya Janata Party
Prithi Chand,http://myneta.info/HimachalPradesh2017/candidate.php?candidate_id=3313,NADAUN,IND,1,10th Pass,4665430,0,4665430,40,GEN,HAMIRPUR,SHIVALIK REGION,Male,false,true,true,Independent
Puran Chand,http://myneta.info/HimachalPradesh2017/candidate.php?candidate_id=3282,DARANG,IND,0,10th Pass,8286000,0,8286000,30,GEN,MANDI,BEAS RIVER REGION,Male,false,true,false,Independent
Rahul Ranpatia,http://myneta.info/HimachalPradesh2017/candidate.php?candidate_id=3222,BHATTIYAT,IND,0,Graduate Professional,8435000,500000,7935000,5,GEN,CHAMBA,BEAS RIVER REGION,Male,false,true,true,Independent
Raj Kumar,http://myneta.info/HimachalPradesh2017/candidate.php?candidate_id=3134,SARKAGHAT,BSP,0,Graduate Professional,793000,0,793000,35,GEN,MANDI,BEAS RIVER REGION,Male,false,true,false,Bahujan Samaj Party
Raj Kumar,http://myneta.info/HimachalPradesh2017/candidate.php?candidate_id=3307,HAMIRPUR,Samaj Adhikar Kalyan Party,0,10th Pass,260000,0,260000,38,GEN,HAMIRPUR,SHIVALIK REGION,Male,false,true,false,Samaj Adhikar Kalyan Party
Rajan Sushant,http://myneta.info/HimachalPradesh2017/candidate.php?candidate_id=3126,FATEHPUR,IND,1,Graduate Professional,24740022,4906645,19833377,8,GEN,KANGRA,BEAS RIVER REGION,Male,false,true,true,Independent
Rajeev Kumar Kaundal,http://myneta.info/HimachalPradesh2017/candidate.php?candidate_id=3347,KASAULI,IND,1,Graduate Professional,1712203,0,1712203,54,SC,SOLAN,SHIVALIK REGION,Male,false,true,true,Independent
Rajeev Kumar Negi,http://myneta.info/HimachalPradesh2017/candidate.php?candidate_id=3447,KINNAUR,Rashtravadi Pratap Sena,0,Post Graduate,15704984,318695,15386289,68,ST,KINNAUR,GREATER HIMALAYAS,Male,false,true,false,Rashtravadi Pratap Sena
Rajender Paul Kashav,http://myneta.info/HimachalPradesh2017/candidate.php?candidate_id=3434,BALH,All India Forward Bloc,0,Graduate Professional,5393089,1400000,3993089,34,SC,MANDI,BEAS RIVER REGION,Male,false,true,true,All India Forward Bloc
Rajesh Dharmani,http://myneta.info/HimachalPradesh2017/candidate.php?candidate_id=3336,GHUMARWIN,INC,0,Post Graduate,9863447,574457,9288990,47,GEN,BILASPUR,SHIVALIK REGION,Male,false,true,true,Indian National Congress
Rajesh Kashyap,http://myneta.info/HimachalPradesh2017/candidate.php?candidate_id=3345,SOLAN,BJP,0,Post Graduate,30831786,1917716,28914070,53,SC,SOLAN,SHIVALIK REGION,Male,false,true,true,Bharatiya Janata Party
Rajesh Thakur,http://myneta.info/HimachalPradesh2017/candidate.php?candidate_id=3136,GAGRET,BJP,0,Graduate,208371632,3540066,204831566,42,GEN,UNA,BEAS RIVER REGION,Male,false,true,true,Bharatiya Janata Party
Rajinder Garg,http://myneta.info/HimachalPradesh2017/candidate.php?candidate_id=3334,GHUMARWIN,BJP,0,Post Graduate,26980169,346499,26633670,47,GEN,BILASPUR,SHIVALIK REGION,Male,false,true,true,Bharatiya Janata Party
Rajinder Karpa,http://myneta.info/HimachalPradesh2017/candidate.php?candidate_id=3443,LAHAUL & SPITI,IND,0,Graduate,4600000,0,4600000,21,ST,LAHAUL & SPITI,GREATER HIMALAYAS,Male,false,true,false,Independent
Rajinder Singh,http://myneta.info/HimachalPradesh2017/candidate.php?candidate_id=3301,SUJANPUR,INC,0,Graduate,264833629,2411117,262422512,37,GEN,HAMIRPUR,SHIVALIK REGION,Male,false,true,true,Indian National Congress
Rajiv Gautam,http://myneta.info/HimachalPradesh2017/candidate.php?candidate_id=3325,UNA,IND,0,Graduate Professional,183090291,1261140,181829151,44,GEN,UNA,BEAS RIVER REGION,Male,false,true,true,Independent
Rajiv Saizal,http://myneta.info/HimachalPradesh2017/candidate.php?candidate_id=3187,KASAULI,BJP,0,Graduate Professional,7709500,331745,7377755,54,SC,SOLAN,SHIVALIK REGION,Male,false,true,true,Bharatiya Janata Party
Rakesh Kalia,http://myneta.info/HimachalPradesh2017/candidate.php?candidate_id=3137,GAGRET,INC,0,Graduate,189600646,60971027,128629619,42,GEN,UNA,BEAS RIVER REGION,Male,false,true,true,Indian National Congress
Rakesh Kumar,http://myneta.info/HimachalPradesh2017/candidate.php?candidate_id=3160,JAWALI,IND,0,Graduate Professional,3972316,0,3972316,9,GEN,KANGRA,BEAS RIVER REGION,Male,false,true,false,Independent
Rakesh Kumar,http://myneta.info/HimachalPradesh2017/candidate.php?candidate_id=3069,SUNDERNAGAR,BJP,1,Graduate,20500212,1399157,19101055,27,GEN,MANDI,BEAS RIVER REGION,Male,false,true,true,Bharatiya Janata Party
Rakesh Pathania,http://myneta.info/HimachalPradesh2017/candidate.php?candidate_id=3208,NURPUR,BJP,3,12th Pass,34652605,7201548,27451057,6,GEN,KANGRA,BEAS RIVER REGION,Male,true,true,true,Bharatiya Janata Party
Rakesh Singha,http://myneta.info/HimachalPradesh2017/candidate.php?candidate_id=3364,THEOG,CPI(M),2,Graduate Professional,181508484,0,181508484,61,GEN,SHIMLA,SHIMLA REGION,Male,true,true,false,Communist Party of India (Marxist)
Rakesh Verma,http://myneta.info/HimachalPradesh2017/candidate.php?candidate_id=3067,THEOG,BJP,0,Graduate Professional,102591040,1050000,101541040,61,GEN,SHIMLA,SHIMLA REGION,Male,false,true,true,Bharatiya Janata Party
Ram Kumar,http://myneta.info/HimachalPradesh2017/candidate.php?candidate_id=3342,DOON,INC,3,Post Graduate,408144720,13783858,394360862,52,GEN,SOLAN,SHIVALIK REGION,Male,true,true,true,Indian National Congress
Ram Kumar,http://myneta.info/HimachalPradesh2017/candidate.php?candidate_id=3322,HAROLI,BJP,0,Post Graduate,7685653,0,7685653,43,GEN,UNA,BEAS RIVER REGION,Male,false,true,true,Bharatiya Janata Party
Ram Lal Thakur,http://myneta.info/HimachalPradesh2017/candidate.php?candidate_id=3088,SRI NAINA DEVIJI,INC,0,Graduate Professional,35829952,0,35829952,49,GEN,BILASPUR,SHIVALIK REGION,Male,false,true,true,Indian National Congress
Ramesh Chand,http://myneta.info/HimachalPradesh2017/candidate.php?candidate_id=3159,JAWALAMUKHI,BJP,1,10th Pass,4808000,63043,4744957,12,GEN,KANGRA,BEAS RIVER REGION,Male,true,true,true,Bharatiya Janata Party
Ramesh Chand,http://myneta.info/HimachalPradesh2017/candidate.php?candidate_id=3263,BAIJNATH,BSP,0,12th Pass,10030000,0,10030000,20,SC,KANGRA,BEAS RIVER REGION,Male,false,true,true,Bahujan Samaj Party
Ramesh Chand,http://myneta.info/HimachalPradesh2017/candidate.php?candidate_id=3457,SRI NAINA DEVIJI,IND,1,12th Pass,7603157,700000,6903157,49,GEN,BILASPUR,SHIVALIK REGION,Male,true,true,true,Independent
Ramesh Kumar,http://myneta.info/HimachalPradesh2017/candidate.php?candidate_id=3368,KASUMPTI,BSP,0,Graduate,5052000,10000,5042000,62,GEN,SHIMLA,SHIMLA REGION,Male,false,true,true,Bahujan Samaj Party
Ramesh Kumar,http://myneta.info/HimachalPradesh2017/candidate.php?candidate_id=3450,DHARAMPUR,Rashtriya Azad Manch,0,10th Pass,10862524,0,10862524,32,GEN,MANDI,BEAS RIVER REGION,Male,false,true,true,Rashtriya Azad Manch
Ramesh Kumar,http://myneta.info/HimachalPradesh2017/candidate.php?candidate_id=3252,SHAHPUR,IND,0,5th Pass,1717575,800000,917575,17,GEN,KANGRA,BEAS RIVER REGION,Male,false,true,true,Independent
Ramesh Kumar,http://myneta.info/HimachalPradesh2017/candidate.php?candidate_id=3281,DARANG,BSP,0,8th Pass,73709,50000,23709,30,GEN,MANDI,BEAS RIVER REGION,Male,false,false,false,Bahujan Samaj Party
Randhir Sharma,http://myneta.info/HimachalPradesh2017/candidate.php?candidate_id=3429,SRI NAINA DEVIJI,BJP,2,Post Graduate,18557732,0,18557732,49,GEN,BILASPUR,SHIVALIK REGION,Male,true,true,true,Bharatiya Janata Party
Ranjeet Singh,http://myneta.info/HimachalPradesh2017/candidate.php?candidate_id=3206,NADAUN,IND,0,10th Pass,3276000,706250,2569750,40,GEN,HAMIRPUR,SHIVALIK REGION,Male,false,true,true,Independent
Ranjit Singh,http://myneta.info/HimachalPradesh2017/candidate.php?candidate_id=3316,CHINTPURNI,BSP,0,Graduate,6442439,102000,6340439,41,SC,UNA,BEAS RIVER REGION,Male,false,true,true,Bahujan Samaj Party
Rasal Singh,http://myneta.info/HimachalPradesh2017/candidate.php?candidate_id=3127,FATEHPUR,Lok Gathbandhan Party,0,10th Pass,1245000,0,1245000,8,GEN,KANGRA,BEAS RIVER REGION,Male,false,true,false,Lok Gathbandhan Party
Rattan Singh Kashyap,http://myneta.info/HimachalPradesh2017/candidate.php?candidate_id=3460,PACHHAD,IND,0,12th Pass,26831478,1120000,25711478,55,SC,SIRMOUR,SHIVALIK REGION,Male,false,true,true,Independent
Rattan Singh Pal,http://myneta.info/HimachalPradesh2017/candidate.php?candidate_id=3340,ARKI,BJP,0,10th Pass,16606262,3298000,13308262,50,GEN,SOLAN,SHIVALIK REGION,Male,false,true,true,Bharatiya Janata Party
Ravi Chand,http://myneta.info/HimachalPradesh2017/candidate.php?candidate_id=3249,KANGRA,NCP,0,10th Pass,8428951,3900000,4528951,16,GEN,KANGRA,BEAS RIVER REGION,Male,false,true,true,Nationalist Congress Party
Ravi Kumar,http://myneta.info/HimachalPradesh2017/candidate.php?candidate_id=3062,UNA,BSP,0,8th Pass,107999,0,107999,44,GEN,UNA,BEAS RIVER REGION,Male,false,true,false,Bahujan Samaj Party
Ravi Parkash,http://myneta.info/HimachalPradesh2017/candidate.php?candidate_id=3314,NADAUN,BSP,1,10th Pass,10395000,7600000,2795000,40,GEN,HAMIRPUR,SHIVALIK REGION,Male,false,true,true,Bahujan Samaj Party
Ravi Thakur,http://myneta.info/HimachalPradesh2017/candidate.php?candidate_id=3265,LAHAUL & SPITI,INC,0,Graduate,187551060,14741772,172809288,21,ST,LAHAUL & SPITI,GREATER HIMALAYAS,Male,false,true,true,Indian National Congress
Ravinder Kumar,http://myneta.info/HimachalPradesh2017/candidate.php?candidate_id=3150,JAISINGHPUR,BJP,0,Graduate,5700611,603082,5097529,13,SC,KANGRA,BEAS RIVER REGION,Male,false,true,true,Bharatiya Janata Party
Ravinder Pal Singh Mann,http://myneta.info/HimachalPradesh2017/candidate.php?candidate_id=3323,HAROLI,IND,0,Graduate Professional,2954546,0,2954546,43,GEN,UNA,BEAS RIVER REGION,Male,false,true,true,Independent
Ravinder Singh,http://myneta.info/HimachalPradesh2017/candidate.php?candidate_id=3102,DEHRA,BJP,1,Graduate,16984000,4242968,12741032,10,GEN,KANGRA,BEAS RIVER REGION,Male,true,true,true,Bharatiya Janata Party
Ravinder Singh Dogra,http://myneta.info/HimachalPradesh2017/candidate.php?candidate_id=3079,SUJANPUR,NCP,0,12th Pass,10000,50000,-40000,37,GEN,HAMIRPUR,SHIVALIK REGION,Male,false,true,true,Nationalist Congress Party
Ravinder Singh Rana,http://myneta.info/HimachalPradesh2017/candidate.php?candidate_id=3112,DHARAMSHALA,IND,0,Graduate,12430000,7701000,4729000,18,GEN,KANGRA,BEAS RIVER REGION,Male,false,true,true,Independent
Reeta Devi,http://myneta.info/HimachalPradesh2017/candidate.php?candidate_id=3145,INDORA,BJP,0,10th Pass,5830925,192146,5638779,7,SC,KANGRA,BEAS RIVER REGION,Female,false,true,true,Bharatiya Janata Party
Renuka Dogra,http://myneta.info/HimachalPradesh2017/candidate.php?candidate_id=3191,KULLU,Rashtriya Azad Manch,0,Graduate Professional,20990000,440200,20549800,23,GEN,KULLU,BEAS RIVER REGION,Female,false,true,true,Rashtriya Azad Manch
Rohit Thakur,http://myneta.info/HimachalPradesh2017/candidate.php?candidate_id=3381,JUBBAL-KOTKHAI,INC,0,Graduate,278237915,1000000,277237915,65,GEN,SHIMLA,SHIMLA REGION,Male,false,true,true,Indian National Congress
Roshan Lal,http://myneta.info/HimachalPradesh2017/candidate.php?candidate_id=3066,THEOG,IND,0,12th Pass,726000,100000,626000,61,GEN,SHIMLA,SHIMLA REGION,Male,false,true,false,Independent
Roshani Sharma,http://myneta.info/HimachalPradesh2017/candidate.php?candidate_id=3291,MANDI,IND,0,10th Pass,8410943,0,8410943,33,GEN,MANDI,BEAS RIVER REGION,Female,false,true,false,Independent
Rustam Singh,http://myneta.info/HimachalPradesh2017/candidate.php?candidate_id=3229,JAWALI,CPI,0,Graduate,9857819,0,9857819,9,GEN,KANGRA,BEAS RIVER REGION,Male,false,true,true,Communist Party of India
Saju Ram,http://myneta.info/HimachalPradesh2017/candidate.php?candidate_id=3452,DHARAMPUR,IND,0,8th Pass,210000,10000,200000,32,GEN,MANDI,BEAS RIVER REGION,Male,false,false,false,Independent
Sandeep Sharma,http://myneta.info/HimachalPradesh2017/candidate.php?candidate_id=3194,KUTLEHAR,Swabhiman Party,0,Graduate Professional,38170000,16000000,22170000,45,GEN,UNA,BEAS RIVER REGION,Male,false,true,true,Swabhiman Party
Sanjay Chaudhary,http://myneta.info/HimachalPradesh2017/candidate.php?candidate_id=3250,KANGRA,BJP,0,Post Graduate,9395971,2570793,6825178,16,GEN,KANGRA,BEAS RIVER REGION,Male,false,true,true,Bharatiya Janata Party
Sanjay Chauhan,http://myneta.info/HimachalPradesh2017/candidate.php?candidate_id=3372,SHIMLA,CPI(M),0,Post Graduate,15422613,0,15422613,63,GEN,SHIMLA,SHIMLA REGION,Male,false,true,true,Communist Party of India (Marxist)
Sanjay Rattan,http://myneta.info/HimachalPradesh2017/candidate.php?candidate_id=3157,JAWALAMUKHI,INC,0,Graduate Professional,16156899,2107284,14049615,12,GEN,KANGRA,BEAS RIVER REGION,Male,false,true,true,Indian National Congress
Sanjiv Kumar,http://myneta.info/HimachalPradesh2017/candidate.php?candidate_id=3295,SARKAGHAT,IND,0,Graduate Professional,1380000,250000,1130000,35,GEN,MANDI,BEAS RIVER REGION,Male,false,true,true,Independent
Saroti Devi,http://myneta.info/HimachalPradesh2017/candidate.php?candidate_id=3310,BARSAR,BSP,0,5th Pass,681000,650000,31000,39,GEN,HAMIRPUR,SHIVALIK REGION,Female,false,false,false,Bahujan Samaj Party
Sarveen,http://myneta.info/HimachalPradesh2017/candidate.php?candidate_id=3108,SHAHPUR,BJP,0,Post Graduate,41948982,5500000,36448982,17,GEN,KANGRA,BEAS RIVER REGION,Female,false,true,true,Bharatiya Janata Party
Satpal Singh Raizada,http://myneta.info/HimachalPradesh2017/candidate.php?candidate_id=3060,UNA,INC,0,10th Pass,89637432,52963667,36673765,44,GEN,UNA,BEAS RIVER REGION,Male,false,true,true,Indian National Congress
Satpal Singh Satti,http://myneta.info/HimachalPradesh2017/candidate.php?candidate_id=3061,UNA,BJP,0,Post Graduate,31422977,1246674,30176303,44,GEN,UNA,BEAS RIVER REGION,Male,false,true,true,Bharatiya Janata Party
Satya Prakash,http://myneta.info/HimachalPradesh2017/candidate.php?candidate_id=3432,NACHAN,IND,0,12th Pass,385000,0,385000,28,SC,MANDI,BEAS RIVER REGION,Male,false,true,false,Independent
Sawarn Dass,http://myneta.info/HimachalPradesh2017/candidate.php?candidate_id=3328,KUTLEHAR,IND,0,12th Pass,3550000,320000,3230000,45,GEN,UNA,BEAS RIVER REGION,Male,false,true,false,Independent
Sh. Bhagat Ram,http://myneta.info/HimachalPradesh2017/candidate.php?candidate_id=3180,KARSOG,IND,0,Graduate,9159216,1300000,7859216,26,SC,MANDI,BEAS RIVER REGION,Male,false,true,true,Independent
Sh. Bhagwant Singh,http://myneta.info/HimachalPradesh2017/candidate.php?candidate_id=3178,KARSOG,IND,0,Post Graduate,5200000,450000,4750000,26,SC,MANDI,BEAS RIVER REGION,Male,false,true,false,Independent
Sh. Hira Lal,http://myneta.info/HimachalPradesh2017/candidate.php?candidate_id=3184,KARSOG,BJP,0,12th Pass,3202108,2500000,702108,26,SC,MANDI,BEAS RIVER REGION,Male,false,true,false,Bharatiya Janata Party
Sh. Mansa Ram,http://myneta.info/HimachalPradesh2017/candidate.php?candidate_id=3185,KARSOG,INC,0,Graduate,18374833,10573004,7801829,26,SC,MANDI,BEAS RIVER REGION,Male,false,true,true,Indian National Congress
Sh. Mast Ram,http://myneta.info/HimachalPradesh2017/candidate.php?candidate_id=3181,KARSOG,IND,0,Graduate,8209961,845000,7364961,26,SC,MANDI,BEAS RIVER REGION,Male,false,true,true,Independent
Sh. Mehar Singh Khukhaliya,http://myneta.info/HimachalPradesh2017/candidate.php?candidate_id=3179,KARSOG,Rashtriya Azad Manch,3,10th Pass,6560000,25000,6535000,26,SC,MANDI,BEAS RIVER REGION,Male,true,false,false,Rashtriya Azad Manch
Sh. Pawan Kumar,http://myneta.info/HimachalPradesh2017/candidate.php?candidate_id=3183,KARSOG,IND,0,Post Graduate,311000,0,311000,26,SC,MANDI,BEAS RIVER REGION,Male,false,false,false,Independent
Shashi Bala,http://myneta.info/HimachalPradesh2017/candidate.php?candidate_id=3138,ROHRU,BJP,0,Post Graduate,4374465,0,4374465,67,SC,SHIMLA,SHIMLA REGION,Female,false,true,false,Bharatiya Janata Party
Shashi Kant Chauhan,http://myneta.info/HimachalPradesh2017/candidate.php?candidate_id=3343,SOLAN,IND,0,8th Pass,2270481,150000,2120481,53,SC,SOLAN,SHIVALIK REGION,Male,false,true,false,Independent
Shiv Hari Pal,http://myneta.info/HimachalPradesh2017/candidate.php?candidate_id=3327,KUTLEHAR,IND,1,12th Pass,14796354,1296923,13499431,45,GEN,UNA,BEAS RIVER REGION,Male,false,true,true,Independent
Shurvir Singh,http://myneta.info/HimachalPradesh2017/candidate.php?candidate_id=3387,ROHRU,BSP,0,Graduate,110000,1826000,-1716000,67,SC,SHIMLA,SHIMLA REGION,Male,false,true,false,Bahujan Samaj Party
Singhi Ram,http://myneta.info/HimachalPradesh2017/candidate.php?candidate_id=3385,RAMPUR,IND,1,Graduate Professional,58522035,15041674,43480361,66,SC,SHIMLA,SHIMLA REGION,Male,false,true,true,Independent
Sita Ram Bhardwaj,http://myneta.info/HimachalPradesh2017/candidate.php?candidate_id=3065,BARSAR,IND,0,12th Pass,60523951,3360600,57163351,39,GEN,HAMIRPUR,SHIVALIK REGION,Male,false,true,true,Independent
Sohan Lal,http://myneta.info/HimachalPradesh2017/candidate.php?candidate_id=3068,SUNDERNAGAR,INC,0,Post Graduate,81394949,2200000,79194949,27,GEN,MANDI,BEAS RIVER REGION,Male,false,true,true,Indian National Congress
Subhash Chand Shukla,http://myneta.info/HimachalPradesh2017/candidate.php?candidate_id=3116,DHARAMSHALA,IND,0,Graduate,16100000,0,16100000,18,GEN,KANGRA,BEAS RIVER REGION,Male,false,true,false,Independent
Subhash Sharma,http://myneta.info/HimachalPradesh2017/candidate.php?candidate_id=3135,GAGRET,IND,0,Graduate Professional,4156460,19700,4136760,42,GEN,UNA,BEAS RIVER REGION,Male,false,true,true,Independent
Subhash Thakur,http://myneta.info/HimachalPradesh2017/candidate.php?candidate_id=3084,BILASPUR,BJP,1,Post Graduate,18465397,430144,18035253,48,GEN,BILASPUR,SHIVALIK REGION,Male,false,true,true,Bharatiya Janata Party
Sudarshan,http://myneta.info/HimachalPradesh2017/candidate.php?candidate_id=3195,LAHAUL & SPITI,IND,0,Graduate Professional,950000,300000,650000,21,ST,LAHAUL & SPITI,GREATER HIMALAYAS,Male,false,true,true,Independent
Sudesh Kumar,http://myneta.info/HimachalPradesh2017/candidate.php?candidate_id=3103,DEHRA,IND,0,12th Pass,4818000,0,4818000,10,GEN,KANGRA,BEAS RIVER REGION,Male,false,true,false,Independent
Sudhir Sharma,http://myneta.info/HimachalPradesh2017/candidate.php?candidate_id=3117,DHARAMSHALA,INC,0,Graduate,47713829,4800858,42912971,18,GEN,KANGRA,BEAS RIVER REGION,Male,false,true,true,Indian National Congress
Sujan Singh Pathania,http://myneta.info/HimachalPradesh2017/candidate.php?candidate_id=3124,FATEHPUR,INC,0,Graduate,191577529,881732,190695797,8,GEN,KANGRA,BEAS RIVER REGION,Male,false,true,true,Indian National Congress
Sukh Ram,http://myneta.info/HimachalPradesh2017/candidate.php?candidate_id=3170,PAONTA SAHIB,BJP,1,12th Pass,22226492,2378131,19848361,58,GEN,SIRMOUR,SHIVALIK REGION,Male,false,true,true,Bharatiya Janata Party
Sukh Ram Thakur,http://myneta.info/HimachalPradesh2017/candidate.php?candidate_id=3458,SRI NAINA DEVIJI,IND,0,Post Graduate,6105088,1980000,4125088,49,GEN,BILASPUR,SHIVALIK REGION,Male,false,true,false,Independent
Sukhvinder Singh Thakur,http://myneta.info/HimachalPradesh2017/candidate.php?candidate_id=3315,NADAUN,INC,0,Post Graduate,50436952,9188778,41248174,40,GEN,HAMIRPUR,SHIVALIK REGION,Male,false,true,true,Indian National Congress
Sunder Lal,http://myneta.info/HimachalPradesh2017/candidate.php?candidate_id=3280,SERAJ,BSP,0,8th Pass,9000,0,9000,29,GEN,MANDI,BEAS RIVER REGION,Male,false,false,false,Bahujan Samaj Party
Sunder Singh Thakur,http://myneta.info/HimachalPradesh2017/candidate.php?candidate_id=3270,KULLU,INC,0,Graduate Professional,208032031,24536547,183495484,23,GEN,KULLU,BEAS RIVER REGION,Male,false,true,true,Indian National Congress
Suraj Mani,http://myneta.info/HimachalPradesh2017/candidate.php?candidate_id=3097,DARANG,IND,0,8th Pass,370000,0,370000,30,GEN,MANDI,BEAS RIVER REGION,Male,false,true,true,Independent
Surender,http://myneta.info/HimachalPradesh2017/candidate.php?candidate_id=3356,PAONTA SAHIB,IND,0,8th Pass,22000,50000,-28000,58,GEN,SIRMOUR,SHIVALIK REGION,Male,false,false,false,Independent
Surender Bhardwaj,http://myneta.info/HimachalPradesh2017/candidate.php?candidate_id=3448,CHURAH,INC,0,Graduate Professional,10015000,1000000,9015000,1,SC,CHAMBA,BEAS RIVER REGION,Male,false,true,true,Indian National Congress
Surender Shourie,http://myneta.info/HimachalPradesh2017/candidate.php?candidate_id=3058,BANJAR,BJP,1,Graduate,2995766,747510,2248256,24,GEN,KULLU,BEAS RIVER REGION,Male,true,true,true,Bharatiya Janata Party
Suresh Bhardwaj,http://myneta.info/HimachalPradesh2017/candidate.php?candidate_id=3374,SHIMLA,BJP,0,Graduate Professional,9353349,789320,8564029,63,GEN,SHIMLA,SHIMLA REGION,Male,false,true,true,Bharatiya Janata Party
Suresh Kumar,http://myneta.info/HimachalPradesh2017/candidate.php?candidate_id=3297,BHORANJ,INC,1,Post Graduate,16077000,5500000,10577000,36,SC,HAMIRPUR,SHIVALIK REGION,Male,false,true,true,Indian National Congress
Suresh Kumar,http://myneta.info/HimachalPradesh2017/candidate.php?candidate_id=3414,PALAMPUR,IND,0,8th Pass,156233,55000,101233,19,GEN,KANGRA,BEAS RIVER REGION,Male,false,true,true,Independent
Suresh Kumar,http://myneta.info/HimachalPradesh2017/candidate.php?candidate_id=3335,GHUMARWIN,IND,0,12th Pass,366000,0,366000,47,GEN,BILASPUR,SHIVALIK REGION,Male,false,true,true,Independent
Suresh Kumar Kashyap,http://myneta.info/HimachalPradesh2017/candidate.php?candidate_id=3176,PACHHAD,BJP,0,Post Graduate,11771138,6100000,5671138,55,SC,SIRMOUR,SHIVALIK REGION,Male,false,true,true,Bharatiya Janata Party
Suresh Singh,http://myneta.info/HimachalPradesh2017/candidate.php?candidate_id=3168,RAMPUR,BSP,0,Post Graduate,116627,0,116627,66,SC,SHIMLA,SHIMLA REGION,Male,false,true,false,Bahujan Samaj Party
Surinder Singh Mankotia,http://myneta.info/HimachalPradesh2017/candidate.php?candidate_id=3233,JASWAN-PRAGPUR,INC,0,Post Graduate,39143084,5567992,33575092,11,GEN,KANGRA,BEAS RIVER REGION,Male,false,true,true,Indian National Congress
Sushil Kumar,http://myneta.info/HimachalPradesh2017/candidate.php?candidate_id=3144,INDORA,BSP,0,Graduate,382049,0,382049,7,SC,KANGRA,BEAS RIVER REGION,Male,false,true,false,Bahujan Samaj Party
Tejwant Singh Negi,http://myneta.info/HimachalPradesh2017/candidate.php?candidate_id=3389,KINNAUR,BJP,0,Graduate,59004211,577930,58426281,68,ST,KINNAUR,GREATER HIMALAYAS,Male,false,true,true,Bharatiya Janata Party
Thakur Singh Bharmouri,http://myneta.info/HimachalPradesh2017/candidate.php?candidate_id=3217,BHARMOUR,INC,0,Graduate,65784511,1619004,64165507,2,ST,CHAMBA,BEAS RIVER REGION,Male,false,true,true,Indian National Congress
Tilak Raj,http://myneta.info/HimachalPradesh2017/candidate.php?candidate_id=3224,INDORA,IND,0,10th Pass,10581515,2402784,8178731,7,SC,KANGRA,BEAS RIVER REGION,Male,false,true,true,Independent
Vijai Singh,http://myneta.info/HimachalPradesh2017/candidate.php?candidate_id=3107,SHAHPUR,IND,0,Graduate,22690000,0,22690000,17,GEN,KANGRA,BEAS RIVER REGION,Male,false,true,true,Independent
Vijay Jyoti,http://myneta.info/HimachalPradesh2017/candidate.php?candidate_id=3371,KASUMPTI,BJP,0,10th Pass,70028722,1350442,68678280,62,GEN,SHIMLA,SHIMLA REGION,Female,false,true,true,Bharatiya Janata Party
Vijay Kumar,http://myneta.info/HimachalPradesh2017/candidate.php?candidate_id=3247,KANGRA,BSP,0,12th Pass,3776181,0,3776181,16,GEN,KANGRA,BEAS RIVER REGION,Male,false,true,true,Bahujan Samaj Party
Vijay Kumar,http://myneta.info/HimachalPradesh2017/candidate.php?candidate_id=3203,NADAUN,BJP,0,Post Graduate,18241077,971304,17269773,40,GEN,HAMIRPUR,SHIVALIK REGION,Male,false,true,true,Bharatiya Janata Party
Vijay Singh,http://myneta.info/HimachalPradesh2017/candidate.php?candidate_id=3341,ARKI,Janral Samaj Party,0,Post Graduate,2360000,450000,1910000,50,GEN,SOLAN,SHIVALIK REGION,Male,false,true,true,Janral Samaj Party
Vijay Singh,http://myneta.info/HimachalPradesh2017/candidate.php?candidate_id=3056,ARKI,IND,0,8th Pass,8362522,266522,8096000,50,GEN,SOLAN,SHIVALIK REGION,Male,false,true,false,Independent
Vijender Kumar,http://myneta.info/HimachalPradesh2017/candidate.php?candidate_id=3158,JAWALAMUKHI,IND,0,Graduate,39006580,6172076,32834504,12,GEN,KANGRA,BEAS RIVER REGION,Male,false,true,true,Independent
Vikas Kumar,http://myneta.info/HimachalPradesh2017/candidate.php?candidate_id=3260,DHARAMSHALA,IND,0,Post Graduate,2330723,0,2330723,18,GEN,KANGRA,BEAS RIVER REGION,Male,false,true,true,Independent
Vikramaditya Singh,http://myneta.info/HimachalPradesh2017/candidate.php?candidate_id=3378,SHIMLA RURAL,INC,0,Post Graduate,843281014,55390000,787891014,64,GEN,SHIMLA,SHIMLA REGION,Male,false,true,true,Indian National Congress
Vinay Kumar,http://myneta.info/HimachalPradesh2017/candidate.php?candidate_id=3352,SRI RENUKAJI,INC,0,10th Pass,33044987,8030702,25014285,57,SC,SIRMOUR,SHIVALIK REGION,Male,false,true,true,Indian National Congress
Vinod Kumar,http://myneta.info/HimachalPradesh2017/candidate.php?candidate_id=3202,NACHAN,BJP,1,12th Pass,9174095,4411111,4762984,28,SC,MANDI,BEAS RIVER REGION,Male,false,true,true,Bharatiya Janata Party
Vinod Sultanpuri,http://myneta.info/HimachalPradesh2017/candidate.php?candidate_id=3186,KASAULI,INC,0,Graduate Professional,40818476,322053,40496423,54,SC,SOLAN,SHIVALIK REGION,Male,false,true,true,Indian National Congress
Vinod Thakur,http://myneta.info/HimachalPradesh2017/candidate.php?candidate_id=3312,BARSAR,Lok Gathbandhan Party,0,10th Pass,235732,616620,-380888,39,GEN,HAMIRPUR,SHIVALIK REGION,Male,false,true,false,Lok Gathbandhan Party
Vipan Chand,http://myneta.info/HimachalPradesh2017/candidate.php?candidate_id=3230,DEHRA,BSP,0,Graduate,5253758,1030000,4223758,10,GEN,KANGRA,BEAS RIVER REGION,Male,false,true,true,Bahujan Samaj Party
Vipin Singh Parmar,http://myneta.info/HimachalPradesh2017/candidate.php?candidate_id=3072,SULLAH,BJP,0,Graduate Professional,14413379,0,14413379,14,GEN,KANGRA,BEAS RIVER REGION,Male,false,true,true,Bharatiya Janata Party
Viplove Thakur,http://myneta.info/HimachalPradesh2017/candidate.php?candidate_id=3232,DEHRA,INC,0,Post Graduate,15416380,0,15416380,10,GEN,KANGRA,BEAS RIVER REGION,Female,false,true,true,Indian National Congress
Virbhadra Singh,http://myneta.info/HimachalPradesh2017/candidate.php?candidate_id=3055,ARKI,INC,1,Post Graduate,305215611,62524000,242691611,50,GEN,SOLAN,SHIVALIK REGION,Male,false,true,true,Indian National Congress
Virender Kumar,http://myneta.info/HimachalPradesh2017/candidate.php?candidate_id=3100,SHIMLA,IND,0,Graduate,2629366,795000,1834366,63,GEN,SHIMLA,SHIMLA REGION,Male,false,true,true,Independent
Virender Kumar,http://myneta.info/HimachalPradesh2017/candidate.php?candidate_id=3142,HAROLI,BSP,0,Graduate,361455,0,361455,43,GEN,UNA,BEAS RIVER REGION,Male,false,true,false,Bahujan Samaj Party
Virender Kumar,http://myneta.info/HimachalPradesh2017/candidate.php?candidate_id=3211,NAHAN,Lok Gathbandhan Party,1,Graduate,2120000,0,2120000,56,GEN,SIRMOUR,SHIVALIK REGION,Male,false,true,false,Lok Gathbandhan Party
Virender Kumar Kashyap,http://myneta.info/HimachalPradesh2017/candidate.php?candidate_id=3348,KASAULI,CPI,0,12th Pass,247050,0,247050,54,SC,SOLAN,SHIVALIK REGION,Male,false,true,false,Communist Party of India
Virender Sharma,http://myneta.info/HimachalPradesh2017/candidate.php?candidate_id=3220,DALHOUSIE,Rashtriya Azad Manch,1,12th Pass,9661000,3313847,6347153,4,GEN,CHAMBA,BEAS RIVER REGION,Male,true,true,true,Rashtriya Azad Manch
Virender Singh Kanwar,http://myneta.info/HimachalPradesh2017/candidate.php?candidate_id=3329,KUTLEHAR,BJP,0,Graduate Professional,33821430,5923190,27898240,45,GEN,UNA,BEAS RIVER REGION,Male,false,true,true,Bharatiya Janata Party
Vishal Singh,http://myneta.info/HimachalPradesh2017/candidate.php?candidate_id=3076,SULLAH,IND,0,Post Graduate,5547095,618538,4928557,14,GEN,KANGRA,BEAS RIVER REGION,Male,false,true,true,Independent
Vishwanath,http://myneta.info/HimachalPradesh2017/candidate.php?candidate_id=3210,NAHAN,CPI(M),0,Post Graduate,4650033,2400000,2250033,56,GEN,SIRMOUR,SHIVALIK REGION,Male,false,true,true,Communist Party of India (Marxist)
Vivek Kashyap,http://myneta.info/HimachalPradesh2017/candidate.php?candidate_id=3167,RAMPUR,CPI(M),2,12th Pass,1522500,27000,1495500,66,SC,SHIMLA,SHIMLA REGION,Male,true,true,false,Communist Party of India (Marxist)
Vivek Sharma,http://myneta.info/HimachalPradesh2017/candidate.php?candidate_id=3330,KUTLEHAR,INC,0,Graduate,13426556,5770135,7656421,45,GEN,UNA,BEAS RIVER REGION,Male,false,true,true,Indian National Congress
Yadvinder Goma,http://myneta.info/HimachalPradesh2017/candidate.php?candidate_id=3240,JAISINGHPUR,INC,0,Post Graduate,11950000,2800000,9150000,13,SC,KANGRA,BEAS RIVER REGION,Male,false,true,true,Indian National Congress