candidate_name,url,constituency,party,criminal_cases,education,assets,liabilities,net_assets,ac_no,reservations,district,sub_region,filed_itr,declared_pan,serious_criminal_cases,gender,recontest_url,recontest_assets_this,recontest_assets_last,recontest_assets_change,recontest_assets_change_pct,recontest_remarks
Abhijit Sarkar,http://myneta.info/tripura2018/candidate.php?candidate_id=6033,MATARBARI,INC,0,Post Graduate,1112667,0,1112667,32,ST,Gomati,Tripura West,false,true,false,Male,,,,,,
Aghore Deb Barma,http://myneta.info/tripura2018/candidate.php?candidate_id=5785,ASHARAMBARI,CPI(M),0,Graduate,5788300,2105212,3683088,26,ST,Khowai,Tripura East,false,false,false,Male,http://myneta.info/tripura2018/index.php?action=affidavitComparison&myneta_folder2=tripura2013&id1=5785&id2=98,5788300,3651199,2137101,59%,
Ajit Kumar Das,http://myneta.info/tripura2018/candidate.php?candidate_id=5868,PANISAGAR,CPI(M),0,10th Pass,1685531,0,1685531,58,GEN,North Tripura,Tripura East,false,false,false,Male,,,,,,
Ajoy Chandra Das,http://myneta.info/tripura2018/candidate.php?candidate_id=5846,KHOWAI,INC,0,Graduate,1481431,0,1481431,25,GEN,Khowai,Tripura East,true,true,false,Male,,,,,,
Amal Chakraborty,http://myneta.info/tripura2018/candidate.php?candidate_id=5767,BANAMALIPUR,CPI(M),0,Post Graduate,3857459,0,3857459,9,GEN,West Tripura,Tripura West,false,true,false,Male,,,,,,
Amalendu Banik,http://myneta.info/tripura2018/candidate.php?candidate_id=5947,BELONIA,IND,0,Graduate Professional,1623959,0,1623959,35,GEN,South Tripura,Tripura West,false,false,false,Male,,,,,,
Amit Rakshit,http://myneta.info/tripura2018/candidate.php?candidate_id=5932,KHOWAI,BJP,0,Graduate,70611,0,70611,25,GEN,Khowai,Tripura East,false,true,false,Male,,,,,,
Amiya Kumar Debbarma,http://myneta.info/tripura2018/candidate.php?candidate_id=5897,TAKARJALA,Indigenous Nationalist Party of Twipra,0,Graduate,3263900,0,3263900,12,ST,West Tripura,Tripura West,false,true,false,Male,,,,,,
Ananta Urang,http://myneta.info/tripura2018/candidate.php?candidate_id=5829,SIMNA,TPP,0,10th Pass,1000,0,1000,1,ST,West Tripura,Tripura West,false,true,false,Male,,,,,,
Anantalal Jamatia,http://myneta.info/tripura2018/candidate.php?candidate_id=5939,BAGMA,INC,0,8th Pass,332000,0,332000,30,ST,South Tripura,Tripura West,false,true,false,Male,,,,,,
Anil Chakma,http://myneta.info/tripura2018/candidate.php?candidate_id=6072,PENCHARTHAL,CPI(M),0,8th Pass,1724992,0,1724992,59,ST,North Tripura,Tripura East,false,false,false,Male,,,,,,
Animesh Debbarma,http://myneta.info/tripura2018/candidate.php?candidate_id=5844,RAMCHANDRAGHAT,IND,0,Graduate Professional,1760000,200000,1560000,24,ST,Khowai,Tripura East,true,false,false,Male,,,,,,
Anjan Das,http://myneta.info/tripura2018/candidate.php?candidate_id=5810,SURMA,CPI(M),1,Post Graduate,1864319,0,1864319,46,SC,Dhalai,Tripura East,false,true,false,Male,http://myneta.info/tripura2018/index.php?action=affidavitComparison&myneta_folder2=tripura2013&id1=5810&id2=310,1864319,1817768,46551,3%,Age Difference=3
Ankya Mog Choudhuri,http://myneta.info/tripura2018/candidate.php?candidate_id=5953,JOLAIBARI,BJP,0,Post Graduate,312383,333693,-21310,38,ST,South Tripura,Tripura East,false,true,false,Male,,,,,,
Arabinda Teli,http://myneta.info/tripura2018/candidate.php?candidate_id=6001,BAGBASSA,CPI(ML)(L),0,10th Pass,195535,4097,191438,55,GEN,North Tripura,Tripura East,false,false,false,Male,,,,,,
Arjun Das,http://myneta.info/tripura2018/candidate.php?candidate_id=5902,PRATAPGARH,INC,0,12th Pass,87049,0,87049,13,SC,West Tripura,Tripura West,false,true,false,Male,,,,,,
Arjun Debbarma,http://myneta.info/tripura2018/candidate.php?candidate_id=5921,CHARILAM,INC,0,Graduate,50500,0,50500,19,ST,Sipahijala,Tripura West,false,true,false,Male,,,,,,
Arun Bhowmik,http://myneta.info/tripura2018/candidate.php?candidate_id=5908,KAMALASAGAR,BJP,0,Post Graduate,46048076,0,46048076,15,GEN,West Tripura,Tripura West,true,true,false,Male,,,,,,
Arun Chandra Bhaumik,http://myneta.info/tripura2018/candidate.php?candidate_id=5850,BELONIA,BJP,0,Post Graduate,24762918,0,24762918,35,GEN,South Tripura,Tripura West,true,true,false,Male,,,,,,
Ashesh Baidya,http://myneta.info/tripura2018/candidate.php?candidate_id=5950,HRISHYAMUKH,BJP,0,10th Pass,130500,126553,3947,37,GEN,South Tripura,Tripura East,false,false,false,Male,,,,,,
Ashim Sarkar,http://myneta.info/tripura2018/candidate.php?candidate_id=6066,KHAYERPUR,IND,0,Graduate,326970,1286247,-959277,5,GEN,West Tripura,Tripura West,true,true,false,Male,,,,,,
Ashis Das,http://myneta.info/tripura2018/candidate.php?candidate_id=5967,SURMA,BJP,0,Graduate,201773,100000,101773,46,SC,Dhalai,Tripura East,false,false,false,Male,,,,,,
Ashok Mitra Karbari,http://myneta.info/tripura2018/candidate.php?candidate_id=5978,CHAWMANU,INC,0,Graduate,24085,1005192,-981107,49,ST,Dhalai,Tripura East,false,true,false,Male,,,,,,
Asish Kumar Saha,http://myneta.info/tripura2018/candidate.php?candidate_id=5892,TOWN BARDOWALI,BJP,0,12th Pass,3302264,1350006,1952258,8,GEN,West Tripura,Tripura West,true,true,false,Male,http://myneta.info/tripura2018/index.php?action=affidavitComparison&myneta_folder2=tripura2013&id1=5892&id2=7,3302264,2862569,439695,15%,Party in last election was INC
Asit Debbarma,http://myneta.info/tripura2018/candidate.php?candidate_id=5980,CHAWMANU,IND,0,8th Pass,10700,0,10700,49,ST,Dhalai,Tripura East,false,false,false,Male,,,,,,
Autul Debbarma,http://myneta.info/tripura2018/candidate.php?candidate_id=5848,KRISHNAPUR,BJP,0,Graduate Professional,23865478,1980127,21885351,29,ST,Khowai,Tripura East,true,true,false,Male,,,,,,
Babul Bairagi,http://myneta.info/tripura2018/candidate.php?candidate_id=5879,BAMUTIA,IND,0,Literate,1255000,0,1255000,3,SC,West Tripura,Tripura West,false,false,false,Male,,,,,,
Badal Choudhury,http://myneta.info/tripura2018/candidate.php?candidate_id=5799,HRISHYAMUKH,CPI(M),0,12th Pass,7560429,1036878,6523551,37,GEN,South Tripura,Tripura East,true,true,false,Male,http://myneta.info/tripura2018/index.php?action=affidavitComparison&myneta_folder2=tripura2013&id1=5799&id2=171,7560429,5307085,2253344,42%,PAN was missing last time
Baharul Islam Majumder,http://myneta.info/tripura2018/candidate.php?candidate_id=5924,BOXANAGAR,BJP,0,Post Graduate,18591,815490,-796899,20,GEN,Sipahijala,Tripura West,true,true,false,Male,,,,,,
Bakul Bikash Chakma,http://myneta.info/tripura2018/candidate.php?candidate_id=5962,RAIMA VALLEY,INC,0,10th Pass,27684,0,27684,44,ST,Dhalai,Tripura East,false,false,false,Male,,,,,,
Baneti Reang,http://myneta.info/tripura2018/candidate.php?candidate_id=5949,SANTIRBAZAR,INC,0,5th Pass,17000,50500,-33500,36,ST,South Tripura,Tripura West,false,false,false,Female,,,,,,
Basudev Majumder,http://myneta.info/tripura2018/candidate.php?candidate_id=5795,BELONIA,CPI(M),0,Graduate,3692667,1077817,2614850,35,GEN,South Tripura,Tripura West,false,true,false,Male,http://myneta.info/tripura2018/index.php?action=affidavitComparison&myneta_folder2=tripura2013&id1=5795&id2=165,3692667,2112160,1580507,75%,PAN was missing last time
Bhagaban Das,http://myneta.info/tripura2018/candidate.php?candidate_id=5859,PABIACHARA,BJP,0,8th Pass,197619,65571,132048,50,SC,Unakoti,Tripura East,false,true,false,Male,,,,,,
Bhanulal Saha,http://myneta.info/tripura2018/candidate.php?candidate_id=5773,BISHALGARH,CPI(M),0,Graduate Professional,6077849,0,6077849,16,GEN,Sipahijala,Tripura West,false,true,false,Male,http://myneta.info/tripura2018/index.php?action=affidavitComparison&myneta_folder2=tripura2013&id1=5773&id2=127,6077849,3803959,2273890,60%,
Bharat Reang,http://myneta.info/tripura2018/candidate.php?candidate_id=5811,AMBASSA,CPI(M),0,10th Pass,829350,140000,689350,47,ST,Dhalai,Tripura East,false,false,false,Male,,,,,,
Bhola Nath Dhar,http://myneta.info/tripura2018/candidate.php?candidate_id=5849,BELONIA,INC,0,Graduate,2532000,50000,2482000,35,GEN,South Tripura,Tripura West,false,true,false,Male,,,,,,
Bibhishan Chandra Das,http://myneta.info/tripura2018/candidate.php?candidate_id=5945,RAJNAGAR,BJP,0,12th Pass,2162790,0,2162790,34,SC,South Tripura,Tripura West,true,true,false,Male,,,,,,
Bibhulal Dey,http://myneta.info/tripura2018/candidate.php?candidate_id=6036,MATARBARI,SUCI(C),0,8th Pass,822927,0,822927,32,ST,Gomati,Tripura West,false,false,false,Male,,,,,,
Bidyut Bikash Singha,http://myneta.info/tripura2018/candidate.php?candidate_id=5990,CHANDIPUR,AITC,0,Graduate,3044683,0,3044683,52,GEN,Unakoti,Tripura East,false,false,false,Male,,,,,,
Bihari Baishnab Tripura,http://myneta.info/tripura2018/candidate.php?candidate_id=5857,CHAWMANU,Indigenous Nationalist Party of Twipra,0,5th Pass,217021,0,217021,49,ST,Dhalai,Tripura East,false,false,false,Male,,,,,,
Bijoy Das,http://myneta.info/tripura2018/candidate.php?candidate_id=5806,AMARPUR,AMB,0,8th Pass,571000,30000,541000,42,GEN,Gomati,Tripura East,false,false,false,Male,,,,,,
Bijoy Krishna Chatterjee,http://myneta.info/tripura2018/candidate.php?candidate_id=5964,KAMALPUR,INC,0,Graduate Professional,1522199,0,1522199,45,GEN,Dhalai,Tripura East,false,true,false,Male,,,,,,
Bijoy Kumar Hrangkhawl,http://myneta.info/tripura2018/candidate.php?candidate_id=5971,AMBASSA,Indigenous Nationalist Party of Twipra,0,10th Pass,8233700,1000000,7233700,47,ST,Dhalai,Tripura East,false,true,false,Male,,,,,,
Bijoy Laxmi Singha,http://myneta.info/tripura2018/candidate.php?candidate_id=5809,KAMALPUR,CPI(M),0,8th Pass,487980,1031312,-543332,45,GEN,Dhalai,Tripura East,false,true,false,Female,http://myneta.info/tripura2018/index.php?action=affidavitComparison&myneta_folder2=tripura2013&id1=5809&id2=185,487980,1518578,-1030598,-68%,
Bikash Debbarma,http://myneta.info/tripura2018/candidate.php?candidate_id=5981,CHAWMANU,TSP,0,12th Pass,71150,0,71150,49,ST,Dhalai,Tripura East,false,true,false,Male,,,,,,
Bikram Kishore Sinha,http://myneta.info/tripura2018/candidate.php?candidate_id=6023,KALYANPUR-PRAMODNAGAR,INC,0,Graduate,671394,0,671394,27,GEN,Khowai,Tripura East,false,true,false,Male,,,,,,
Billal Mia,http://myneta.info/tripura2018/candidate.php?candidate_id=5923,BOXANAGAR,INC,0,Graduate,28843598,620000,28223598,20,GEN,Sipahijala,Tripura West,false,true,false,Male,,,,,,
Bimal Das,http://myneta.info/tripura2018/candidate.php?candidate_id=5834,BAMUTIA,AMB,0,10th Pass,223500,0,223500,3,SC,West Tripura,Tripura West,false,false,false,Male,,,,,,
Binay Bhushan Das,http://myneta.info/tripura2018/candidate.php?candidate_id=5870,PANISAGAR,BJP,0,Graduate Professional,6021793,267535,5754258,58,GEN,North Tripura,Tripura East,true,true,false,Male,,,,,,
Binod Nath,http://myneta.info/tripura2018/candidate.php?candidate_id=5869,PANISAGAR,AMB,0,8th Pass,1365779,10947,1354832,58,GEN,North Tripura,Tripura East,false,false,false,Male,,,,,,
Biplab Kumar Deb,http://myneta.info/tripura2018/candidate.php?candidate_id=5896,BANAMALIPUR,BJP,0,Graduate,21393539,2779408,18614131,9,GEN,West Tripura,Tripura West,true,true,false,Male,,,,,,
Biplab Kumar Ghosh,http://myneta.info/tripura2018/candidate.php?candidate_id=6034,MATARBARI,BJP,0,12th Pass,58608757,6957736,51651021,32,ST,Gomati,Tripura West,true,true,false,Male,,,,,,
Biplab Kumar Saha,http://myneta.info/tripura2018/candidate.php?candidate_id=5854,AMARPUR,INC,0,10th Pass,212000,0,212000,42,GEN,Gomati,Tripura East,false,true,false,Male,,,,,,
Birajit Sinha,http://myneta.info/tripura2018/candidate.php?candidate_id=5862,KAILASHAHAR,INC,0,12th Pass,22136303,2571287,19565016,53,GEN,Unakoti,Tripura East,true,true,false,Male,http://myneta.info/tripura2018/index.php?action=affidavitComparison&myneta_folder2=tripura2013&id1=5862&id2=41,22136303,15902683,6233620,39%,
Biren Debnath,http://myneta.info/tripura2018/candidate.php?candidate_id=5895,BANAMALIPUR,IND,0,10th Pass,347000,800000,-453000,9,GEN,West Tripura,Tripura West,false,true,false,Male,,,,,,
Birendra Das,http://myneta.info/tripura2018/candidate.php?candidate_id=5904,PRATAPGARH,AMB,0,10th Pass,832200,0,832200,13,SC,West Tripura,Tripura West,false,false,false,Male,,,,,,
Birendra Kishore Debbarma,http://myneta.info/tripura2018/candidate.php?candidate_id=5913,GOLAGHATI,BJP,0,10th Pass,1255311,0,1255311,17,ST,Sipahijala,Tripura West,false,false,false,Male,,,,,,
Bishwajit Chakraborty,http://myneta.info/tripura2018/candidate.php?candidate_id=6035,MATARBARI,AITC,0,Graduate,22595,0,22595,32,ST,Gomati,Tripura West,false,true,false,Male,,,,,,
Biswanath Ghosh,http://myneta.info/tripura2018/candidate.php?candidate_id=5909,KAMALASAGAR,AITC,0,10th Pass,370000,0,370000,15,GEN,West Tripura,Tripura West,false,true,false,Male,,,,,,
Biswanath Saha,http://myneta.info/tripura2018/candidate.php?candidate_id=5836,TOWN BARDOWALI,AIFB,0,Graduate,7238896,0,7238896,8,GEN,West Tripura,Tripura West,true,true,false,Male,,,,,,
Braja Mohan Tripura,http://myneta.info/tripura2018/candidate.php?candidate_id=5952,JOLAIBARI,INC,0,12th Pass,611000,60000,551000,38,ST,South Tripura,Tripura East,false,false,false,Male,,,,,,
Brajendra Das,http://myneta.info/tripura2018/candidate.php?candidate_id=5769,BADHARGHAT,AMB,0,8th Pass,1150000,0,1150000,14,SC,West Tripura,Tripura West,false,true,false,Male,,,,,,
Brishaketu Debbarma,http://myneta.info/tripura2018/candidate.php?candidate_id=5874,SIMNA,IPFT,0,Graduate Professional,3295857,0,3295857,1,ST,West Tripura,Tripura West,false,true,false,Male,,,,,,
Burba Mohan Tripura,http://myneta.info/tripura2018/candidate.php?candidate_id=6049,KARBOOK,BJP,0,5th Pass,23793,0,23793,43,ST,Gomati,Tripura East,false,false,false,Male,,,,,,
Chinta Kumar Debbarma,http://myneta.info/tripura2018/candidate.php?candidate_id=5935,TELIAMURA,TSP,0,10th Pass,2300,0,2300,28,ST,Khowai,Tripura East,false,false,false,Male,,,,,,
Chiranjay Reang,http://myneta.info/tripura2018/candidate.php?candidate_id=5976,KARAMCHARA,TPP,0,8th Pass,30259,0,30259,48,ST,Dhalai,Tripura East,false,false,false,Male,,,,,,
Chitta Ranjan Debbarma,http://myneta.info/tripura2018/candidate.php?candidate_id=5898,TAKARJALA,TSP,0,Post Graduate,9555168,0,9555168,12,ST,West Tripura,Tripura West,false,true,false,Male,,,,,,
Daniel Jamatia,http://myneta.info/tripura2018/candidate.php?candidate_id=5804,AMPINAGAR,CPI(M),0,Graduate,3029887,690666,2339221,41,ST,Gomati,Tripura East,false,true,false,Male,http://myneta.info/tripura2018/index.php?action=affidavitComparison&myneta_folder2=tripura2013&id1=5804&id2=102,3029887,1757181,1272706,72%,
Daniel Kaipeng,http://myneta.info/tripura2018/candidate.php?candidate_id=5851,AMPINAGAR,INC,0,10th Pass,212487,0,212487,41,ST,Gomati,Tripura East,false,true,false,Male,,,,,,
Daniel Sangma,http://myneta.info/tripura2018/candidate.php?candidate_id=6076,PENCHARTHAL,Indigenous Nationalist Party of Twipra,0,10th Pass,1050000,0,1050000,59,ST,North Tripura,Tripura East,false,true,false,Male,,,,,,
Dasarath Sarkar,http://myneta.info/tripura2018/candidate.php?candidate_id=5992,CHANDIPUR,IND,0,10th Pass,72500,50000,22500,52,GEN,Unakoti,Tripura East,false,true,false,Male,,,,,,
Dhananjoy Tripura,http://myneta.info/tripura2018/candidate.php?candidate_id=5956,MANU,IPFT,1,Post Graduate,42055,0,42055,39,ST,South Tripura,Tripura East,false,false,true,Male,,,,,,
Dhananoy Tripura,http://myneta.info/tripura2018/candidate.php?candidate_id=5960,RAIMA VALLEY,IPFT,0,Graduate,206456,0,206456,44,ST,Dhalai,Tripura East,false,true,false,Male,,,,,,
Dhirendra Debbarma,http://myneta.info/tripura2018/candidate.php?candidate_id=6068,MANDAI BAZAR,IPFT,1,10th Pass,849299,235000,614299,11,ST,West Tripura,Tripura West,false,true,true,Male,,,,,,
Diba Chandra Hrangkhawl,http://myneta.info/tripura2018/candidate.php?candidate_id=5977,KARAMCHARA,BJP,0,8th Pass,4102885,1341673,2761212,48,ST,Dhalai,Tripura East,false,true,false,Male,http://myneta.info/tripura2018/index.php?action=affidavitComparison&myneta_folder2=tripura2013&id1=5977&id2=36,4102885,6697,4096188,61165%,PAN was missing last time Party in last election was INC
Dilip Kumar Choudhury (Muhury),http://myneta.info/tripura2018/candidate.php?candidate_id=5800,HRISHYAMUKH,INC,0,12th Pass,10778500,0,10778500,37,GEN,South Tripura,Tripura East,true,true,false,Male,,,,,,
Dilip Kumar Das,http://myneta.info/tripura2018/candidate.php?candidate_id=5881,BARJALA,BJP,0,Post Graduate,18725699,0,18725699,4,SC,West Tripura,Tripura West,true,true,false,Male,,,,,,
Dilip Kumar Ghosh,http://myneta.info/tripura2018/candidate.php?candidate_id=5877,MOHANPUR,INC,0,Graduate,3064950,500000,2564950,2,GEN,West Tripura,Tripura West,false,true,false,Male,,,,,,
Dilip Kumar Munda,http://myneta.info/tripura2018/candidate.php?candidate_id=6021,ASHARAMBARI,TSP,0,Graduate Professional,2000,0,2000,26,ST,Khowai,Tripura East,false,false,false,Male,,,,,,
Dilip Sarkar,http://myneta.info/tripura2018/candidate.php?candidate_id=5905,BADHARGHAT,BJP,1,10th Pass,45890574,1025892,44864682,14,SC,West Tripura,Tripura West,false,true,true,Male,http://myneta.info/tripura2018/index.php?action=affidavitComparison&myneta_folder2=tripura2013&id1=5905&id2=11,45890574,45846716,43858,0%,Age Difference=7 PAN was missing last time Party in last election was INC
Dipak Das,http://myneta.info/tripura2018/candidate.php?candidate_id=5882,BARJALA,INC,1,8th Pass,4436887,1303684,3133203,4,SC,West Tripura,Tripura West,true,true,true,Male,,,,,,
Giyas Uddin Chowdhury,http://myneta.info/tripura2018/candidate.php?candidate_id=5997,KADAMTALA-KURTI,INC,0,12th Pass,1221000,0,1221000,54,GEN,North Tripura,Tripura East,false,false,false,Male,,,,,,
Gopal Chandra Roy,http://myneta.info/tripura2018/candidate.php?candidate_id=5894,BANAMALIPUR,INC,3,Graduate Professional,23740782,1854975,21885807,9,GEN,West Tripura,Tripura West,true,true,true,Male,http://myneta.info/tripura2018/index.php?action=affidavitComparison&myneta_folder2=tripura2013&id1=5894&id2=8,23740782,14663389,9077393,62%,Age Difference=3
Gopal Chandra Sarkar,http://myneta.info/tripura2018/candidate.php?candidate_id=5788,TELIAMURA,AMB,0,10th Pass,447330,0,447330,28,ST,Khowai,Tripura East,false,true,false,Male,,,,,,
Gopal Roy,http://myneta.info/tripura2018/candidate.php?candidate_id=6032,MATARBARI,CPI(ML)(L),0,10th Pass,2092427,0,2092427,32,ST,Gomati,Tripura West,false,false,false,Male,,,,,,
Gouranga Das Talukdar,http://myneta.info/tripura2018/candidate.php?candidate_id=6003,PANISAGAR,INC,0,Graduate,321366,40000,281366,58,GEN,North Tripura,Tripura East,true,true,false,Male,,,,,,
Gouranga Debnath,http://myneta.info/tripura2018/candidate.php?candidate_id=5860,CHANDIPUR,CPI(ML)(L),0,10th Pass,212000,0,212000,52,GEN,Unakoti,Tripura East,false,true,false,Male,,,,,,
Gouri Das,http://myneta.info/tripura2018/candidate.php?candidate_id=5789,TELIAMURA,CPI(M),0,10th Pass,4900773,0,4900773,28,ST,Khowai,Tripura East,false,true,false,Female,http://myneta.info/tripura2018/index.php?action=affidavitComparison&myneta_folder2=tripura2013&id1=5789&id2=148,4900773,2411929,2488844,103%,PAN was missing last time
Gouri Sankar Nandi,http://myneta.info/tripura2018/candidate.php?candidate_id=5796,BELONIA,AMB,0,Graduate,1043600,0,1043600,35,GEN,South Tripura,Tripura West,false,true,false,Male,,,,,,
Goutam Deb,http://myneta.info/tripura2018/candidate.php?candidate_id=5783,KHOWAI,AMB,0,10th Pass,51241,0,51241,25,GEN,Khowai,Tripura East,true,true,false,Male,,,,,,
Haralal Debnath,http://myneta.info/tripura2018/candidate.php?candidate_id=5832,MOHANPUR,AMB,0,5th Pass,91320,0,91320,2,GEN,West Tripura,Tripura West,false,true,false,Male,,,,,,
Haricharan Sarkar,http://myneta.info/tripura2018/candidate.php?candidate_id=5833,BAMUTIA,CPI(M),0,Graduate,2196989,577054,1619935,3,SC,West Tripura,Tripura West,false,true,false,Male,http://myneta.info/tripura2018/index.php?action=affidavitComparison&myneta_folder2=tripura2013&id1=5833&id2=110,2196989,2380747,-183758,-8%,
Harish Reang,http://myneta.info/tripura2018/candidate.php?candidate_id=5823,KARBOOK,TPP,0,8th Pass,253000,0,253000,43,ST,Gomati,Tripura East,false,false,false,Male,,,,,,
Hasen Choudhury,http://myneta.info/tripura2018/candidate.php?candidate_id=5965,KAMALPUR,AITC,0,10th Pass,98507,0,98507,45,GEN,Dhalai,Tripura East,false,false,false,Male,,,,,,
Islam Uddin,http://myneta.info/tripura2018/candidate.php?candidate_id=5864,KADAMTALA-KURTI,CPI(M),1,Graduate,746109,273758,472351,54,GEN,North Tripura,Tripura East,false,true,true,Male,,,,,,
Jagadish Das,http://myneta.info/tripura2018/candidate.php?candidate_id=5843,SURYAMANINAGAR,AMB,0,10th Pass,716066,0,716066,18,ST,Sipahijala,Tripura West,false,false,false,Male,,,,,,
Jagadish Debbarma,http://myneta.info/tripura2018/candidate.php?candidate_id=6067,MANDAI BAZAR,Indigenous Nationalist Party of Twipra,0,Graduate,1319000,0,1319000,11,ST,West Tripura,Tripura West,false,true,false,Male,,,,,,
Jahir Uddin,http://myneta.info/tripura2018/candidate.php?candidate_id=6018,DHANPUR,AITC,0,Graduate,14413,0,14413,23,GEN,Sipahijala,Tripura West,false,true,false,Male,,,,,,
Janak Mani Tripura,http://myneta.info/tripura2018/candidate.php?candidate_id=6048,KARBOOK,Indigenous Nationalist Party of Twipra,0,12th Pass,53200,0,53200,43,ST,Gomati,Tripura East,false,true,false,Male,,,,,,
Jashabir Tripura,http://myneta.info/tripura2018/candidate.php?candidate_id=5801,JOLAIBARI,CPI(M),0,8th Pass,3006002,1256596,1749406,38,ST,South Tripura,Tripura East,false,true,false,Male,http://myneta.info/tripura2018/index.php?action=affidavitComparison&myneta_folder2=tripura2013&id1=5801&id2=101,3006002,1514402,1491600,98%,Age Difference=8
Jasim Uddin,http://myneta.info/tripura2018/candidate.php?candidate_id=6015,SONAMURA,AITC,0,Graduate,225960,0,225960,22,GEN,Sipahijala,Tripura West,false,true,false,Male,,,,,,
Jay Kumar Keot,http://myneta.info/tripura2018/candidate.php?candidate_id=5969,SURMA,AITC,0,8th Pass,13065,0,13065,46,SC,Dhalai,Tripura East,false,false,false,Male,,,,,,
Jaydul Hossain,http://myneta.info/tripura2018/candidate.php?candidate_id=5842,BISHALGARH,INC,0,Graduate Professional,5950000,0,5950000,16,GEN,Sipahijala,Tripura West,true,true,false,Male,,,,,,
Jharna Das(Baidya),http://myneta.info/tripura2018/candidate.php?candidate_id=5770,BADHARGHAT,CPI(M),0,Post Graduate,12263318,132000,12131318,14,SC,West Tripura,Tripura West,true,true,false,Female,,,,,,
Jhumu Sarkar,http://myneta.info/tripura2018/candidate.php?candidate_id=5835,BARJALA,CPI(M),0,Post Graduate,50546,0,50546,4,SC,West Tripura,Tripura West,false,true,false,Male,http://myneta.info/tripura2018/index.php?action=affidavitComparison&myneta_folder2=tripura2013&id1=5835&id2=321,50546,71740,-21194,-30%,Age Difference=3
Jishnu Devvarma,http://myneta.info/tripura2018/candidate.php?candidate_id=5919,CHARILAM,BJP,0,Graduate,110738073,3185539,107552534,19,ST,Sipahijala,Tripura West,false,true,false,Male,,,,,,
Jiten Debbarma,http://myneta.info/tripura2018/candidate.php?candidate_id=6013,MANDAI BAZAR,INC,0,10th Pass,275232,0,275232,11,ST,West Tripura,Tripura West,false,false,false,Male,,,,,,
Jitendra Majumder,http://myneta.info/tripura2018/candidate.php?candidate_id=6039,KAKRABAN-SHALGARA,BJP,0,Graduate,4775095,79800000,-75024905,33,SC,Gomati,Tripura West,true,true,false,Male,,,,,,
Jyotilal Debbarma,http://myneta.info/tripura2018/candidate.php?candidate_id=5920,CHARILAM,IND,0,8th Pass,5000,0,5000,19,ST,Sipahijala,Tripura West,false,false,false,Male,,,,,,
Jyotirmoy Nath,http://myneta.info/tripura2018/candidate.php?candidate_id=5998,BAGBASSA,INC,0,Graduate Professional,3000000,0,3000000,55,GEN,North Tripura,Tripura East,false,true,false,Male,,,,,,
Jyotish Jamatia,http://myneta.info/tripura2018/candidate.php?candidate_id=5942,BAGMA,Indigenous Nationalist Party of Twipra,0,Others,940585,0,940585,30,ST,South Tripura,Tripura West,false,true,false,Male,,,,,,
Kaberi Singha,http://myneta.info/tripura2018/candidate.php?candidate_id=5991,CHANDIPUR,BJP,0,8th Pass,2850856,183582,2667274,52,GEN,Unakoti,Tripura East,true,true,false,Female,,,,,,
Kalpa Mohan Tripura,http://myneta.info/tripura2018/candidate.php?candidate_id=5974,KARAMCHARA,IND,0,8th Pass,594903,0,594903,48,ST,Dhalai,Tripura East,false,false,false,Male,,,,,,
Kalyan Reang,http://myneta.info/tripura2018/candidate.php?candidate_id=5954,JOLAIBARI,IND,0,8th Pass,630,0,630,38,ST,South Tripura,Tripura East,false,false,false,Male,,,,,,
Kalyani Roy,http://myneta.info/tripura2018/candidate.php?candidate_id=5937,TELIAMURA,BJP,2,Graduate Professional,8518978,3288318,5230660,28,ST,Khowai,Tripura East,true,true,true,Female,,,,,,
Kanchai Mog,http://myneta.info/tripura2018/candidate.php?candidate_id=6070,MANU,IND,0,8th Pass,0,0,0,39,ST,South Tripura,Tripura East,false,false,false,Male,,,,,,
Karnadhan Chakma,http://myneta.info/tripura2018/candidate.php?candidate_id=6062,KANCHANPUR,AMB,0,8th Pass,79433,0,79433,60,ST,North Tripura,Tripura East,false,false,false,Male,,,,,,
Karnadhan Chakma,http://myneta.info/tripura2018/candidate.php?candidate_id=6074,PENCHARTHAL,AMB,0,8th Pass,79433,0,79433,59,ST,North Tripura,Tripura East,false,false,false,Male,,,,,,
Keshab Debbarma,http://myneta.info/tripura2018/candidate.php?candidate_id=5775,GOLAGHATI,CPI(M),0,10th Pass,3971141,0,3971141,17,ST,Sipahijala,Tripura West,false,true,false,Male,http://myneta.info/tripura2018/index.php?action=affidavitComparison&myneta_folder2=tripura2013&id1=5775&id2=94,3971141,3735755,235386,6%,PAN was missing last time
Khagendra Jamatia,http://myneta.info/tripura2018/candidate.php?candidate_id=5790,KRISHNAPUR,CPI(M),0,8th Pass,1065705,330742,734963,29,ST,Khowai,Tripura East,false,false,false,Male,http://myneta.info/tripura2018/index.php?action=affidavitComparison&myneta_folder2=tripura2013&id1=5790&id2=149,1065705,604944,460761,76%,
Khagendra Reang,http://myneta.info/tripura2018/candidate.php?candidate_id=5825,RAIMA VALLEY,TPP,0,5th Pass,100,0,100,44,ST,Dhalai,Tripura East,false,false,false,Male,,,,,,
Kripajay Reang,http://myneta.info/tripura2018/candidate.php?candidate_id=6025,KRISHNAPUR,IND,0,5th Pass,2811,0,2811,29,ST,Khowai,Tripura East,false,false,false,Male,,,,,,
Kripamohan Reang,http://myneta.info/tripura2018/candidate.php?candidate_id=6075,PENCHARTHAL,TSP,0,12th Pass,541500,300000,241500,59,ST,North Tripura,Tripura East,false,true,false,Male,,,,,,
Krishna Kanta Debnath,http://myneta.info/tripura2018/candidate.php?candidate_id=5915,SURYAMANINAGAR,AITC,0,12th Pass,14643,0,14643,18,ST,Sipahijala,Tripura West,false,true,false,Male,,,,,,
Krishna Majumder,http://myneta.info/tripura2018/candidate.php?candidate_id=5765,AGARTALA,CPI(M),0,Post Graduate,2914197,749992,2164205,6,GEN,West Tripura,Tripura West,false,true,false,Female,,,,,,
Krishnadhan Das,http://myneta.info/tripura2018/candidate.php?candidate_id=5878,BAMUTIA,BJP,1,12th Pass,1314000,101000,1213000,3,SC,West Tripura,Tripura West,false,true,true,Male,,,,,,
Kuheli Das (Sinha),http://myneta.info/tripura2018/candidate.php?candidate_id=5893,BANAMALIPUR,AITC,0,8th Pass,839,0,839,9,GEN,West Tripura,Tripura West,false,true,false,Female,,,,,,
Lalit Mohan Tripura,http://myneta.info/tripura2018/candidate.php?candidate_id=5808,RAIMA VALLEY,CPI(M),0,5th Pass,11201918,956955,10244963,44,ST,Dhalai,Tripura East,false,false,false,Male,http://myneta.info/tripura2018/index.php?action=affidavitComparison&myneta_folder2=tripura2013&id1=5808&id2=182,11201918,10945954,255964,2%,Age Difference=2
Madhab Chandra Saha,http://myneta.info/tripura2018/candidate.php?candidate_id=6031,MATARBARI,CPI(M),0,12th Pass,12183954,134813,12049141,32,ST,Gomati,Tripura West,false,true,false,Male,http://myneta.info/tripura2018/index.php?action=affidavitComparison&myneta_folder2=tripura2013&id1=6031&id2=156,12183954,5133003,7050951,137%,PAN was missing last time
Madhu Sudhan Tripura,http://myneta.info/tripura2018/candidate.php?candidate_id=5955,JOLAIBARI,AITC,0,5th Pass,506200,0,506200,38,ST,South Tripura,Tripura East,false,false,false,Male,,,,,,
Majibur Islam Majumdar,http://myneta.info/tripura2018/candidate.php?candidate_id=6016,SONAMURA,INC,0,Graduate Professional,1165000,0,1165000,22,GEN,Sipahijala,Tripura West,false,true,false,Male,,,,,,
Manab Debbarma,http://myneta.info/tripura2018/candidate.php?candidate_id=5912,GOLAGHATI,Indigenous Nationalist Party of Twipra,0,Others,13385000,0,13385000,17,ST,Sipahijala,Tripura West,false,true,false,Male,,,,,,
Manik Das,http://myneta.info/tripura2018/candidate.php?candidate_id=5794,RAJNAGAR,INC,0,Graduate,167000,30000,137000,34,SC,South Tripura,Tripura West,false,false,false,Male,,,,,,
Manik Dey,http://myneta.info/tripura2018/candidate.php?candidate_id=6008,MAJLISHPUR,CPI(M),0,12th Pass,7490679,0,7490679,10,GEN,West Tripura,Tripura West,false,true,false,Male,http://myneta.info/tripura2018/index.php?action=affidavitComparison&myneta_folder2=tripura2013&id1=6008&id2=120,7490679,5420463,2070216,38%,PAN was missing last time
Manik Sarkar,http://myneta.info/tripura2018/candidate.php?candidate_id=5781,DHANPUR,CPI(M),0,Graduate,3319644,0,3319644,23,GEN,Sipahijala,Tripura West,false,true,false,Male,http://myneta.info/tripura2018/index.php?action=affidavitComparison&myneta_folder2=tripura2013&id1=5781&id2=138,3319644,2683195,636449,24%,PAN was missing last time
Manindra Chandra Das,http://myneta.info/tripura2018/candidate.php?candidate_id=5787,KALYANPUR-PRAMODNAGAR,CPI(M),0,Graduate,2390277,1114250,1276027,27,GEN,Khowai,Tripura East,false,true,false,Male,http://myneta.info/tripura2018/index.php?action=affidavitComparison&myneta_folder2=tripura2013&id1=5787&id2=146,2390277,641801,1748476,272%,PAN was missing last time
Manindra Reang,http://myneta.info/tripura2018/candidate.php?candidate_id=5797,SANTIRBAZAR,CPI,0,10th Pass,3274177,985471,2288706,36,ST,South Tripura,Tripura West,false,true,false,Male,http://myneta.info/tripura2018/index.php?action=affidavitComparison&myneta_folder2=tripura2013&id1=5797&id2=100,3274177,2856010,418167,15%,Age Difference=7
Manoj Kanti Deb,http://myneta.info/tripura2018/candidate.php?candidate_id=5963,KAMALPUR,BJP,2,Graduate,4173187,0,4173187,45,GEN,Dhalai,Tripura East,false,true,false,Male,,,,,,
Manoranjan Datta,http://myneta.info/tripura2018/candidate.php?candidate_id=5958,SABROOM,INC,0,10th Pass,1626701,0,1626701,40,GEN,South Tripura,Tripura East,false,true,false,Male,,,,,,
Manoranjan Debbarma,http://myneta.info/tripura2018/candidate.php?candidate_id=6022,KALYANPUR-PRAMODNAGAR,TSP,0,Graduate,4700,70000,-65300,27,GEN,Khowai,Tripura East,false,true,false,Male,,,,,,
Martujuddin Choudhury,http://myneta.info/tripura2018/candidate.php?candidate_id=6000,BAGBASSA,IND,1,8th Pass,467000,0,467000,55,GEN,North Tripura,Tripura East,false,true,true,Male,,,,,,
Matilal Sil,http://myneta.info/tripura2018/candidate.php?candidate_id=6030,RADHAKISHORPUR,AITC,0,Graduate,15000,0,15000,31,ST,South Tripura,Tripura West,false,false,false,Male,,,,,,
Mevar Kumar Jamatia,http://myneta.info/tripura2018/candidate.php?candidate_id=5933,ASHARAMBARI,IPFT,0,Post Graduate,2683027,2883008,-199981,26,ST,Khowai,Tripura East,false,true,false,Male,,,,,,
Milan Chandra Kar,http://myneta.info/tripura2018/candidate.php?candidate_id=6027,RADHAKISHORPUR,INC,1,Post Graduate,8516292,0,8516292,31,ST,South Tripura,Tripura West,true,true,false,Male,,,,,,
Milan Pada Murasing,http://myneta.info/tripura2018/candidate.php?candidate_id=5798,SANTIRBAZAR,IND,0,10th Pass,30000,0,30000,36,ST,South Tripura,Tripura West,false,false,false,Male,,,,,,
Mita Saha,http://myneta.info/tripura2018/candidate.php?candidate_id=5839,BANAMALIPUR,AMB,0,12th Pass,5203000,252000,4951000,9,GEN,West Tripura,Tripura West,false,true,false,Female,,,,,,
Mithun Das,http://myneta.info/tripura2018/candidate.php?candidate_id=5903,PRATAPGARH,AITC,0,12th Pass,652600,138000,514600,13,SC,West Tripura,Tripura West,false,true,false,Male,,,,,,
Moboshar Ali,http://myneta.info/tripura2018/candidate.php?candidate_id=5819,KAILASHAHAR,CPI(M),0,Graduate,8365402,0,8365402,53,GEN,Unakoti,Tripura East,false,true,false,Male,,,,,,
Mongla Mog,http://myneta.info/tripura2018/candidate.php?candidate_id=6042,MANU,INC,0,8th Pass,473209,0,473209,39,ST,South Tripura,Tripura East,false,true,false,Male,,,,,,
Monoranjan Debbarma,http://myneta.info/tripura2018/candidate.php?candidate_id=6012,MANDAI BAZAR,CPI(M),0,10th Pass,647016,512108,134908,11,ST,West Tripura,Tripura West,false,true,false,Male,http://myneta.info/tripura2018/index.php?action=affidavitComparison&myneta_folder2=tripura2013&id1=6012&id2=90,647016,1142036,-495020,-43%,Age Difference=2 PAN was missing last time
Mridul Kanti Sarkar,http://myneta.info/tripura2018/candidate.php?candidate_id=5822,BADHARGHAT,SUCI(C),0,12th Pass,4062,0,4062,14,SC,West Tripura,Tripura West,false,false,false,Male,,,,,,
Najir Islam,http://myneta.info/tripura2018/candidate.php?candidate_id=5925,BOXANAGAR,AITC,0,12th Pass,66259,0,66259,20,GEN,Sipahijala,Tripura West,false,true,false,Male,,,,,,
Nakendra Chakma,http://myneta.info/tripura2018/candidate.php?candidate_id=5959,RAIMA VALLEY,TSP,0,8th Pass,2462,0,2462,44,ST,Dhalai,Tripura East,false,false,false,Male,,,,,,
Nandini Chakma,http://myneta.info/tripura2018/candidate.php?candidate_id=6073,PENCHARTHAL,INC,0,8th Pass,23300,0,23300,59,ST,North Tripura,Tripura East,false,false,false,Female,,,,,,
Narasingha Das,http://myneta.info/tripura2018/candidate.php?candidate_id=5863,KAILASHAHAR,AITC,0,Graduate Professional,11138000,0,11138000,53,GEN,Unakoti,Tripura East,true,true,false,Male,,,,,,
Narayan Chandra Chowdhuri,http://myneta.info/tripura2018/candidate.php?candidate_id=5771,KAMALASAGAR,CPI(M),0,12th Pass,630096,524448,105648,15,GEN,West Tripura,Tripura West,false,true,false,Male,http://myneta.info/tripura2018/index.php?action=affidavitComparison&myneta_folder2=tripura2013&id1=5771&id2=126,630096,1135910,-505814,-45%,PAN was missing last time
Narayan Chandra Dey,http://myneta.info/tripura2018/candidate.php?candidate_id=6071,SABROOM,IND,0,8th Pass,6850,0,6850,40,GEN,South Tripura,Tripura East,false,true,false,Male,,,,,,
Narendra Chandra Debbarma,http://myneta.info/tripura2018/candidate.php?candidate_id=5841,TAKARJALA,IPFT,0,Graduate,12084603,0,12084603,12,ST,West Tripura,Tripura West,false,true,false,Male,,,,,,
Naresh Chandra Jamatia,http://myneta.info/tripura2018/candidate.php?candidate_id=5791,BAGMA,CPI(M),0,10th Pass,3528300,422244,3106056,30,ST,South Tripura,Tripura West,false,false,false,Male,http://myneta.info/tripura2018/index.php?action=affidavitComparison&myneta_folder2=tripura2013&id1=5791&id2=150,3528300,2510576,1017724,41%,
Nirajoy Tripura,http://myneta.info/tripura2018/candidate.php?candidate_id=5814,CHAWMANU,CPI(M),0,8th Pass,156388,202000,-45612,49,ST,Dhalai,Tripura East,false,false,false,Male,http://myneta.info/tripura2018/index.php?action=affidavitComparison&myneta_folder2=tripura2013&id1=5814&id2=196,156388,88742,67646,76%,
Nirmal Biswas,http://myneta.info/tripura2018/candidate.php?candidate_id=5931,KHOWAI,CPI(M),0,Graduate,1410109,134738,1275371,25,GEN,Khowai,Tripura East,false,true,false,Male,,,,,,
Nirmalendu Deb,http://myneta.info/tripura2018/candidate.php?candidate_id=5861,CHANDIPUR,INC,0,Graduate,2793300,0,2793300,52,GEN,Unakoti,Tripura East,true,true,false,Male,,,,,,
Nishi Kanta Debbarma,http://myneta.info/tripura2018/candidate.php?candidate_id=5914,GOLAGHATI,INC,0,8th Pass,350000,0,350000,17,ST,Sipahijala,Tripura West,false,true,false,Male,,,,,,
Nitai Chaudhuri,http://myneta.info/tripura2018/candidate.php?candidate_id=5910,BISHALGARH,BJP,0,Post Graduate,15102838,0,15102838,16,GEN,Sipahijala,Tripura West,true,true,false,Male,,,,,,
Nitish De,http://myneta.info/tripura2018/candidate.php?candidate_id=5993,KAILASHAHAR,BJP,0,Graduate,1151577,0,1151577,53,GEN,Unakoti,Tripura East,true,true,false,Male,,,,,,
Nitya Gopal Rudrapal,http://myneta.info/tripura2018/candidate.php?candidate_id=5936,TELIAMURA,INC,0,Graduate,88512,0,88512,28,ST,Khowai,Tripura East,false,true,false,Male,,,,,,
Pabitra Kar,http://myneta.info/tripura2018/candidate.php?candidate_id=6005,KHAYERPUR,CPI(M),0,Graduate,7294389,0,7294389,5,GEN,West Tripura,Tripura West,false,true,false,Male,http://myneta.info/tripura2018/index.php?action=affidavitComparison&myneta_folder2=tripura2013&id1=6005&id2=89,7294389,5891364,1403025,24%,Age Difference=7 PAN is Different
Pabitra Mohan Jamatia,http://myneta.info/tripura2018/candidate.php?candidate_id=6047,AMARPUR,TSP,0,8th Pass,509024,0,509024,42,GEN,Gomati,Tripura East,false,true,false,Male,,,,,,
Padma Kumar Deb Barma,http://myneta.info/tripura2018/candidate.php?candidate_id=5782,RAMCHANDRAGHAT,CPI(M),0,10th Pass,1867494,657709,1209785,24,ST,Khowai,Tripura East,false,false,false,Male,http://myneta.info/tripura2018/index.php?action=affidavitComparison&myneta_folder2=tripura2013&id1=5782&id2=96,1867494,158159,1709335,1081%,
Parimal Debbarma,http://myneta.info/tripura2018/candidate.php?candidate_id=5973,AMBASSA,BJP,1,8th Pass,2660398,86010,2574388,47,ST,Dhalai,Tripura East,false,true,false,Male,,,,,,
Parimal Debnath,http://myneta.info/tripura2018/candidate.php?candidate_id=5805,AMARPUR,CPI(M),0,Graduate,3149344,0,3149344,42,GEN,Gomati,Tripura East,false,true,false,Male,http://myneta.info/tripura2018/index.php?action=affidavitComparison&myneta_folder2=tripura2013&id1=5805&id2=315,3149344,2360000,789344,33%,Age Difference=1
Parimal Sarkar,http://myneta.info/tripura2018/candidate.php?candidate_id=5774,BISHALGARH,AMB,0,10th Pass,109000,0,109000,16,GEN,Sipahijala,Tripura West,false,false,false,Male,,,,,,
Parkaroy Reang,http://myneta.info/tripura2018/candidate.php?candidate_id=5972,AMBASSA,TPP,0,5th Pass,100,0,100,47,ST,Dhalai,Tripura East,false,false,false,Male,,,,,,
Partha Karmakar,http://myneta.info/tripura2018/candidate.php?candidate_id=6029,RADHAKISHORPUR,CPI(ML)(L),0,12th Pass,683402,0,683402,31,ST,South Tripura,Tripura West,false,true,false,Male,,,,,,
Phani Lal Debbarma,http://myneta.info/tripura2018/candidate.php?candidate_id=5872,SIMNA,INC,0,10th Pass,66389,28478,37911,1,ST,West Tripura,Tripura West,false,true,false,Male,,,,,,
Pinaki Das Chowdhury,http://myneta.info/tripura2018/candidate.php?candidate_id=6024,KALYANPUR-PRAMODNAGAR,BJP,0,12th Pass,1284442,0,1284442,27,GEN,Khowai,Tripura East,false,true,false,Male,,,,,,
Prabin Singha,http://myneta.info/tripura2018/candidate.php?candidate_id=5764,AGARTALA,TPP,0,Graduate Professional,522,0,522,6,GEN,West Tripura,Tripura West,false,true,false,Male,,,,,,
Pramod Reang,http://myneta.info/tripura2018/candidate.php?candidate_id=5948,SANTIRBAZAR,BJP,0,12th Pass,504321,0,504321,36,ST,South Tripura,Tripura West,false,true,false,Male,,,,,,
Pranab Debbarma,http://myneta.info/tripura2018/candidate.php?candidate_id=5828,SIMNA,CPI(M),0,Graduate,2757920,1323357,1434563,1,ST,West Tripura,Tripura West,false,true,false,Male,http://myneta.info/tripura2018/index.php?action=affidavitComparison&myneta_folder2=tripura2013&id1=5828&id2=107,2757920,1077359,1680561,156%,PAN is Different
Pranajit Singha Roy,http://myneta.info/tripura2018/candidate.php?candidate_id=6028,RADHAKISHORPUR,BJP,0,Graduate,54210240,2622120,51588120,31,ST,South Tripura,Tripura West,true,true,false,Male,http://myneta.info/tripura2018/index.php?action=affidavitComparison&myneta_folder2=tripura2013&id1=6028&id2=24,54210240,40324294,13885946,34%,Party in last election was INC
Pranesh Das,http://myneta.info/tripura2018/candidate.php?candidate_id=5970,SURMA,AMB,0,10th Pass,63000,30000,33000,46,SC,Dhalai,Tripura East,false,true,false,Male,,,,,,
Pranesh Das,http://myneta.info/tripura2018/candidate.php?candidate_id=5816,PABIACHARA,AMB,0,5th Pass,29000,0,29000,50,SC,Unakoti,Tripura East,false,true,false,Male,,,,,,
Prasanta Bhattacharjee,http://myneta.info/tripura2018/candidate.php?candidate_id=5917,SURYAMANINAGAR,INC,0,10th Pass,54549605,11928500,42621105,18,ST,Sipahijala,Tripura West,true,true,false,Male,,,,,,
Prasanta Debbarma,http://myneta.info/tripura2018/candidate.php?candidate_id=5845,RAMCHANDRAGHAT,IPFT,0,12th Pass,639246,0,639246,24,ST,Khowai,Tripura East,false,true,false,Male,,,,,,
Prasanta Sen,http://myneta.info/tripura2018/candidate.php?candidate_id=5946,BELONIA,AITC,0,Post Graduate,1323000,700000,623000,35,GEN,South Tripura,Tripura West,false,true,false,Male,,,,,,
Pratima Bhoumik,http://myneta.info/tripura2018/candidate.php?candidate_id=6019,DHANPUR,BJP,0,Graduate,5013148,0,5013148,23,GEN,Sipahijala,Tripura West,false,true,false,Female,,,,,,
Pravat Chowdhury,http://myneta.info/tripura2018/candidate.php?candidate_id=5802,MANU,CPI(M),0,Graduate,14371248,2042530,12328718,39,ST,South Tripura,Tripura East,false,false,false,Male,http://myneta.info/tripura2018/index.php?action=affidavitComparison&myneta_folder2=tripura2013&id1=5802&id2=300,14371248,11989941,2381307,20%,
Prem Kumar Reang,http://myneta.info/tripura2018/candidate.php?candidate_id=6064,KANCHANPUR,IPFT,0,10th Pass,113334,0,113334,60,ST,North Tripura,Tripura East,false,false,false,Male,,,,,,
Premtosh Deb,http://myneta.info/tripura2018/candidate.php?candidate_id=5966,KAMALPUR,AMB,0,5th Pass,96336,0,96336,45,GEN,Dhalai,Tripura East,false,false,false,Male,,,,,,
Priyamani Debbarma,http://myneta.info/tripura2018/candidate.php?candidate_id=5807,KARBOOK,CPI(M),0,Graduate,140571,0,140571,43,ST,Gomati,Tripura East,false,true,false,Male,http://myneta.info/tripura2018/index.php?action=affidavitComparison&myneta_folder2=tripura2013&id1=5807&id2=180,140571,110571,30000,27%,Age Difference=3 PAN was missing last time
Pronendra Reang,http://myneta.info/tripura2018/candidate.php?candidate_id=6063,KANCHANPUR,TSP,0,10th Pass,3000,0,3000,60,ST,North Tripura,Tripura East,false,false,false,Male,,,,,,
Pujan Biswas,http://myneta.info/tripura2018/candidate.php?candidate_id=5888,RAMNAGAR,INC,0,12th Pass,3198204,282755,2915449,7,GEN,West Tripura,Tripura West,true,true,false,Male,,,,,,
Rabindra Debbarma,http://myneta.info/tripura2018/candidate.php?candidate_id=5830,SIMNA,Indigenous Nationalist Party of Twipra,0,10th Pass,93000,0,93000,1,ST,West Tripura,Tripura West,false,true,false,Male,,,,,,
Radha Rani Das (Bhowmik),http://myneta.info/tripura2018/candidate.php?candidate_id=6041,RAJNAGAR,IND,0,10th Pass,1010850,28000,982850,34,SC,South Tripura,Tripura West,false,true,false,Female,,,,,,
Rahamat Ali,http://myneta.info/tripura2018/candidate.php?candidate_id=5994,KADAMTALA-KURTI,IND,0,8th Pass,199000,0,199000,54,GEN,North Tripura,Tripura East,false,true,false,Male,,,,,,
Rajendra Reang,http://myneta.info/tripura2018/candidate.php?candidate_id=6060,KANCHANPUR,CPI(M),0,10th Pass,5945825,715896,5229929,60,ST,North Tripura,Tripura East,false,true,false,Male,http://myneta.info/tripura2018/index.php?action=affidavitComparison&myneta_folder2=tripura2013&id1=6060&id2=106,5945825,2649097,3296728,124%,PAN was missing last time
Rajesh Kumar Debbarma,http://myneta.info/tripura2018/candidate.php?candidate_id=5847,ASHARAMBARI,IND,0,Post Graduate,11205,0,11205,26,ST,Khowai,Tripura East,true,true,false,Male,,,,,,
Rajesh Malakar,http://myneta.info/tripura2018/candidate.php?candidate_id=5988,FATIKROY,IND,0,8th Pass,7275,0,7275,51,SC,Unakoti,Tripura East,false,false,false,Male,,,,,,
Rajib Gope,http://myneta.info/tripura2018/candidate.php?candidate_id=6009,MAJLISHPUR,INC,0,Graduate Professional,594290,22780,571510,10,GEN,West Tripura,Tripura West,false,true,false,Male,,,,,,
Rajkumar Choudhury,http://myneta.info/tripura2018/candidate.php?candidate_id=5776,SURYAMANINAGAR,CPI(M),0,Post Graduate,4381571,0,4381571,18,ST,Sipahijala,Tripura West,false,true,false,Male,http://myneta.info/tripura2018/index.php?action=affidavitComparison&myneta_folder2=tripura2013&id1=5776&id2=95,4381571,3091720,1289851,42%,
Raju Das,http://myneta.info/tripura2018/candidate.php?candidate_id=5918,SURYAMANINAGAR,RPI(A),0,12th Pass,110000,0,110000,18,ST,Sipahijala,Tripura West,false,true,false,Male,,,,,,
Rakhu Das,http://myneta.info/tripura2018/candidate.php?candidate_id=5989,FATIKROY,INC,0,Graduate,947000,0,947000,51,SC,Unakoti,Tripura East,false,true,false,Male,,,,,,
Ram Bahadur Reang,http://myneta.info/tripura2018/candidate.php?candidate_id=5824,KARBOOK,INC,0,10th Pass,549759,279000,270759,43,ST,Gomati,Tripura East,false,false,false,Male,,,,,,
Ram Krishna Jamatia,http://myneta.info/tripura2018/candidate.php?candidate_id=5852,AMPINAGAR,Indigenous Nationalist Party of Twipra,0,8th Pass,433010,0,433010,41,ST,Gomati,Tripura East,false,false,false,Male,,,,,,
Ram Pada Jamatia,http://myneta.info/tripura2018/candidate.php?candidate_id=5940,BAGMA,BJP,0,12th Pass,13177929,0,13177929,30,ST,South Tripura,Tripura West,true,true,false,Male,,,,,,
Ramendra Debbarma,http://myneta.info/tripura2018/candidate.php?candidate_id=5768,TAKARJALA,CPI(M),0,10th Pass,1392971,0,1392971,12,ST,West Tripura,Tripura West,false,true,false,Male,,,,,,
Ramendra Narayan Debbarma,http://myneta.info/tripura2018/candidate.php?candidate_id=5777,CHARILAM,CPI(M),0,Graduate Professional,1143332,700000,443332,19,ST,Sipahijala,Tripura West,false,true,false,Male,http://myneta.info/tripura2018/index.php?action=affidavitComparison&myneta_folder2=tripura2013&id1=5777&id2=131,1143332,1160716,-17384,-1%,PAN was missing last time
Ramprasad Paul,http://myneta.info/tripura2018/candidate.php?candidate_id=5916,SURYAMANINAGAR,BJP,0,8th Pass,4346761,0,4346761,18,ST,Sipahijala,Tripura West,true,true,false,Male,,,,,,
Ramu Das,http://myneta.info/tripura2018/candidate.php?candidate_id=5821,PRATAPGARH,CPI(M),0,Post Graduate,561503,0,561503,13,SC,West Tripura,Tripura West,false,true,false,Male,http://myneta.info/tripura2018/index.php?action=affidavitComparison&myneta_folder2=tripura2013&id1=5821&id2=309,561503,301489,260014,86%,Age Difference=1
Rani Singha,http://myneta.info/tripura2018/candidate.php?candidate_id=6004,PANISAGAR,AITC,0,8th Pass,703430,0,703430,58,GEN,North Tripura,Tripura East,false,true,false,Female,,,,,,
Ranjanbati Debbarma,http://myneta.info/tripura2018/candidate.php?candidate_id=5975,KARAMCHARA,INC,0,8th Pass,221297,0,221297,48,ST,Dhalai,Tripura East,false,false,false,Female,,,,,,
Ranjit Das,http://myneta.info/tripura2018/candidate.php?candidate_id=6046,AMARPUR,BJP,2,12th Pass,1712555,47769,1664786,42,GEN,Gomati,Tripura East,false,true,true,Male,,,,,,
Ranjit Kumar Reang,http://myneta.info/tripura2018/candidate.php?candidate_id=6061,KANCHANPUR,INC,0,10th Pass,10000,0,10000,60,ST,North Tripura,Tripura East,false,false,false,Male,,,,,,
Rasamay Nath,http://myneta.info/tripura2018/candidate.php?candidate_id=5996,KADAMTALA-KURTI,AITC,0,10th Pass,2152768,0,2152768,54,GEN,North Tripura,Tripura East,false,true,false,Male,,,,,,
Ratan Chakraborty,http://myneta.info/tripura2018/candidate.php?candidate_id=6007,KHAYERPUR,BJP,0,Graduate,9386722,0,9386722,5,GEN,West Tripura,Tripura West,false,true,false,Male,,,,,,
Ratan Chandra Das,http://myneta.info/tripura2018/candidate.php?candidate_id=5906,BADHARGHAT,INC,0,10th Pass,2186700,0,2186700,14,SC,West Tripura,Tripura West,false,true,false,Male,,,,,,
Ratan Das,http://myneta.info/tripura2018/candidate.php?candidate_id=5766,RAMNAGAR,CPI(M),0,Post Graduate,7373842,0,7373842,7,GEN,West Tripura,Tripura West,true,true,false,Male,http://myneta.info/tripura2018/index.php?action=affidavitComparison&myneta_folder2=tripura2013&id1=5766&id2=116,7373842,5186153,2187689,42%,
Ratan Kumar Bhowmik,http://myneta.info/tripura2018/candidate.php?candidate_id=5792,KAKRABAN-SHALGARA,CPI(M),0,Post Graduate,7121492,0,7121492,33,SC,Gomati,Tripura West,true,true,false,Male,http://myneta.info/tripura2018/index.php?action=affidavitComparison&myneta_folder2=tripura2013&id1=5792&id2=160,7121492,3729348,3392144,91%,
Ratan Lal Nath,http://myneta.info/tripura2018/candidate.php?candidate_id=5876,MOHANPUR,BJP,4,Graduate Professional,12897253,1005192,11892061,2,GEN,West Tripura,Tripura West,true,true,true,Male,http://myneta.info/tripura2018/index.php?action=affidavitComparison&myneta_folder2=tripura2013&id1=5876&id2=1,12897253,8163595,4733658,58%,Party in last election was INC
Ratish Tripura,http://myneta.info/tripura2018/candidate.php?candidate_id=5813,KARAMCHARA,Indigenous Nationalist Party of Twipra,0,10th Pass,367000,0,367000,48,ST,Dhalai,Tripura East,false,true,false,Male,,,,,,
Ratna Datta,http://myneta.info/tripura2018/candidate.php?candidate_id=5891,TOWN BARDOWALI,INC,0,10th Pass,4253388,0,4253388,8,GEN,West Tripura,Tripura West,true,true,false,Female,,,,,,
Rebati Mohan Das,http://myneta.info/tripura2018/candidate.php?candidate_id=5901,PRATAPGARH,BJP,0,10th Pass,10213659,0,10213659,13,SC,West Tripura,Tripura West,true,true,false,Male,,,,,,
Rita Kar Majumder,http://myneta.info/tripura2018/candidate.php?candidate_id=5803,SABROOM,CPI(M),0,Graduate,2193793,3299506,-1105713,40,GEN,South Tripura,Tripura East,false,true,false,Female,http://myneta.info/tripura2018/index.php?action=affidavitComparison&myneta_folder2=tripura2013&id1=5803&id2=175,2193793,1463958,729835,50%,
Sachitra Debbarma,http://myneta.info/tripura2018/candidate.php?candidate_id=5855,AMBASSA,INC,0,Graduate Professional,10788000,0,10788000,47,ST,Dhalai,Tripura East,false,true,false,Male,,,,,,
Sahid Choudhuri,http://myneta.info/tripura2018/candidate.php?candidate_id=5778,BOXANAGAR,CPI(M),0,12th Pass,4295588,0,4295588,20,GEN,Sipahijala,Tripura West,false,true,false,Male,http://myneta.info/tripura2018/index.php?action=affidavitComparison&myneta_folder2=tripura2013&id1=5778&id2=134,4295588,2910469,1385119,48%,PAN was missing last time
Sajal Das,http://myneta.info/tripura2018/candidate.php?candidate_id=5985,FATIKROY,TPP,0,12th Pass,12600,0,12600,51,SC,Unakoti,Tripura East,false,true,false,Male,,,,,,
Sambhu Lal Chakma,http://myneta.info/tripura2018/candidate.php?candidate_id=5979,CHAWMANU,BJP,0,Graduate,133286,0,133286,49,ST,Dhalai,Tripura East,false,true,false,Male,,,,,,
Samiran Malakar,http://myneta.info/tripura2018/candidate.php?candidate_id=5815,PABIACHARA,CPI(M),0,10th Pass,1228472,0,1228472,50,SC,Unakoti,Tripura East,false,true,false,Male,http://myneta.info/tripura2018/index.php?action=affidavitComparison&myneta_folder2=tripura2013&id1=5815&id2=200,1228472,713370,515102,72%,
Samson Debbarma,http://myneta.info/tripura2018/candidate.php?candidate_id=5900,TAKARJALA,INC,0,8th Pass,212000,0,212000,12,ST,West Tripura,Tripura West,false,true,false,Male,,,,,,
Sankar Deb,http://myneta.info/tripura2018/candidate.php?candidate_id=5907,KAMALASAGAR,INC,0,10th Pass,980247,42509,937738,15,GEN,West Tripura,Tripura West,true,true,false,Male,,,,,,
Sankar Roy,http://myneta.info/tripura2018/candidate.php?candidate_id=5957,SABROOM,BJP,0,12th Pass,14282706,554301,13728405,40,GEN,South Tripura,Tripura East,true,true,false,Male,,,,,,
Santana Chakma,http://myneta.info/tripura2018/candidate.php?candidate_id=5871,PENCHARTHAL,BJP,0,Post Graduate,139036,0,139036,59,ST,North Tripura,Tripura East,false,true,false,Female,,,,,,
Saratal Jamatia,http://myneta.info/tripura2018/candidate.php?candidate_id=5938,KRISHNAPUR,INC,0,10th Pass,116732,0,116732,29,ST,Khowai,Tripura East,false,true,false,Male,,,,,,
Shephali Debnath,http://myneta.info/tripura2018/candidate.php?candidate_id=5840,BANAMALIPUR,SUCI(C),0,12th Pass,67120,0,67120,9,GEN,West Tripura,Tripura West,false,true,false,Female,,,,,,
Shib Chandra Debbarma,http://myneta.info/tripura2018/candidate.php?candidate_id=5961,RAIMA VALLEY,Indigenous Nationalist Party of Twipra,0,Graduate Professional,23012850,0,23012850,44,ST,Dhalai,Tripura East,false,true,false,Male,,,,,,
Shibani Bhowmik,http://myneta.info/tripura2018/candidate.php?candidate_id=5837,TOWN BARDOWALI,SUCI(C),0,12th Pass,858592,0,858592,8,GEN,West Tripura,Tripura West,false,true,false,Female,,,,,,
Shri Prasanta Sen Chowdhury,http://myneta.info/tripura2018/candidate.php?candidate_id=5886,AGARTALA,INC,0,Graduate Professional,22894254,409822,22484432,6,GEN,West Tripura,Tripura West,true,true,false,Male,,,,,,
Shri Rakesh Das,http://myneta.info/tripura2018/candidate.php?candidate_id=5927,NALCHAR,INC,0,Graduate Professional,829196,0,829196,21,SC,Sipahijala,Tripura West,true,true,false,Male,,,,,,
Shri Ruhul Amin,http://myneta.info/tripura2018/candidate.php?candidate_id=6017,SONAMURA,TPP,0,Post Graduate,15900,0,15900,22,GEN,Sipahijala,Tripura West,false,true,false,Male,,,,,,
Shri Sudip Roy Barman,http://myneta.info/tripura2018/candidate.php?candidate_id=5885,AGARTALA,BJP,1,Graduate Professional,36545484,0,36545484,6,GEN,West Tripura,Tripura West,true,true,true,Male,http://myneta.info/tripura2018/index.php?action=affidavitComparison&myneta_folder2=tripura2013&id1=5885&id2=5,36545484,20766536,15778948,76%,Age Difference=7  Party in last election was INC
Shyamal Chakraborty,http://myneta.info/tripura2018/candidate.php?candidate_id=5780,SONAMURA,CPI(M),0,10th Pass,5966304,0,5966304,22,GEN,Sipahijala,Tripura West,false,true,false,Male,http://myneta.info/tripura2018/index.php?action=affidavitComparison&myneta_folder2=tripura2013&id1=5780&id2=136,5966304,4874822,1091482,22%,PAN was missing last time
Sindhu Chandra Jamatia,http://myneta.info/tripura2018/candidate.php?candidate_id=5853,AMPINAGAR,IPFT,0,10th Pass,786390,0,786390,41,ST,Gomati,Tripura East,false,true,false,Male,,,,,,
Sindrai Reang,http://myneta.info/tripura2018/candidate.php?candidate_id=6065,KANCHANPUR,Indigenous Nationalist Party of Twipra,0,10th Pass,1590000,0,1590000,60,ST,North Tripura,Tripura East,false,false,false,Male,,,,,,
Smt Bijita Nath,http://myneta.info/tripura2018/candidate.php?candidate_id=5820,BAGBASSA,CPI(M),0,12th Pass,3303738,636463,2667275,55,GEN,North Tripura,Tripura East,true,true,false,Female,http://myneta.info/tripura2018/index.php?action=affidavitComparison&myneta_folder2=tripura2013&id1=5820&id2=215,3303738,1111752,2191986,197%,
Smt Panna Deb,http://myneta.info/tripura2018/candidate.php?candidate_id=5887,AGARTALA,AITC,3,10th Pass,19975,0,19975,6,GEN,West Tripura,Tripura West,false,true,true,Female,,,,,,
Smt. Laxmi Nag ( Barman),http://myneta.info/tripura2018/candidate.php?candidate_id=6020,DHANPUR,INC,0,Graduate,10022215,73000,9949215,23,GEN,Sipahijala,Tripura West,false,false,false,Female,,,,,,
Sona Charan Debbarma,http://myneta.info/tripura2018/candidate.php?candidate_id=6069,MANDAI BAZAR,TSP,0,Graduate,368374,0,368374,11,ST,West Tripura,Tripura West,false,true,false,Male,,,,,,
Soumen Majumder,http://myneta.info/tripura2018/candidate.php?candidate_id=5890,RAMNAGAR,AITC,0,12th Pass,25000,0,25000,7,GEN,West Tripura,Tripura West,false,true,false,Male,,,,,,
Sri Abhijit De,http://myneta.info/tripura2018/candidate.php?candidate_id=5865,DHARMANAGAR,CPI(M),0,Graduate,2976386,903498,2072888,56,GEN,North Tripura,Tripura East,false,true,false,Male,,,,,,
Sri Amarjit Singha,http://myneta.info/tripura2018/candidate.php?candidate_id=6002,BAGBASSA,AITC,0,10th Pass,126525,50000,76525,55,GEN,North Tripura,Tripura East,false,false,false,Male,,,,,,
Sri Ashutosh Das,http://myneta.info/tripura2018/candidate.php?candidate_id=5928,NALCHAR,AMB,0,8th Pass,234000,0,234000,21,SC,Sipahijala,Tripura West,false,false,false,Male,,,,,,
Sri Bibhas Ranjan Das,http://myneta.info/tripura2018/candidate.php?candidate_id=5866,DHARMANAGAR,AMB,0,8th Pass,1538047,0,1538047,56,GEN,North Tripura,Tripura East,true,true,false,Male,,,,,,
Sri Bipul Krishna Das,http://myneta.info/tripura2018/candidate.php?candidate_id=6054,DHARMANAGAR,AITC,0,10th Pass,1001190,0,1001190,56,GEN,North Tripura,Tripura East,false,true,false,Male,,,,,,
Sri Biswabandhu Sen,http://myneta.info/tripura2018/candidate.php?candidate_id=6052,DHARMANAGAR,BJP,3,Graduate,44094405,2570070,41524335,56,GEN,North Tripura,Tripura East,true,true,true,Male,http://myneta.info/tripura2018/index.php?action=affidavitComparison&myneta_folder2=tripura2013&id1=6052&id2=44,44094405,22555266,21539139,95%,PAN is Different Party in last election was INC
Sri Digbijoy Chakraborty,http://myneta.info/tripura2018/candidate.php?candidate_id=6059,JUBARAJNAGAR,INC,0,12th Pass,1723342,314507,1408835,57,GEN,North Tripura,Tripura East,true,true,false,Male,,,,,,
Sri Gopal Krishna Deb,http://myneta.info/tripura2018/candidate.php?candidate_id=5827,KADAMTALA-KURTI,AMB,0,8th Pass,1588600,0,1588600,54,GEN,North Tripura,Tripura East,false,false,false,Male,,,,,,
Sri Jadab Lal Debnath,http://myneta.info/tripura2018/candidate.php?candidate_id=6057,JUBARAJNAGAR,BJP,0,12th Pass,4248124,1300000,2948124,57,GEN,North Tripura,Tripura East,true,true,false,Male,,,,,,
Sri Kebal Kanti Nandi,http://myneta.info/tripura2018/candidate.php?candidate_id=6053,DHARMANAGAR,INC,1,12th Pass,60422048,2450000,57972048,56,GEN,North Tripura,Tripura East,true,true,true,Male,,,,,,
Sri Pradip Kumar Nath,http://myneta.info/tripura2018/candidate.php?candidate_id=5999,BAGBASSA,BJP,0,Graduate Professional,17812971,233000,17579971,55,GEN,North Tripura,Tripura East,true,true,false,Male,,,,,,
Sri Ramendra Chandra Debnath,http://myneta.info/tripura2018/candidate.php?candidate_id=6058,JUBARAJNAGAR,CPI(M),0,Graduate Professional,7075616,1068967,6006649,57,GEN,North Tripura,Tripura East,false,true,false,Male,http://myneta.info/tripura2018/index.php?action=affidavitComparison&myneta_folder2=tripura2013&id1=6058&id2=218,7075616,2319929,4755687,205%,
Sri Ramesh Chandra Debnath,http://myneta.info/tripura2018/candidate.php?candidate_id=5867,JUBARAJNAGAR,AMB,0,10th Pass,447524,0,447524,57,GEN,North Tripura,Tripura East,false,false,false,Male,,,,,,
Sri Ratneshbar Debnath,http://myneta.info/tripura2018/candidate.php?candidate_id=6056,JUBARAJNAGAR,AITC,0,8th Pass,99986,23031,76955,57,GEN,North Tripura,Tripura East,false,false,false,Male,,,,,,
Sri Sanjoy Chaudhury,http://myneta.info/tripura2018/candidate.php?candidate_id=6055,DHARMANAGAR,SUCI(C),0,Graduate,91000,0,91000,56,GEN,North Tripura,Tripura East,false,true,false,Male,,,,,,
Sri Subashchandra Debnath,http://myneta.info/tripura2018/candidate.php?candidate_id=5831,MOHANPUR,CPI(M),0,Post Graduate,8331993,0,8331993,2,GEN,West Tripura,Tripura West,true,true,false,Male,,,,,,
Sri Subhash Chandra Das,http://myneta.info/tripura2018/candidate.php?candidate_id=5926,NALCHAR,BJP,0,10th Pass,1849960,0,1849960,21,SC,Sipahijala,Tripura West,false,true,false,Male,,,,,,
Srikanta Datta,http://myneta.info/tripura2018/candidate.php?candidate_id=6026,RADHAKISHORPUR,RSP,0,Graduate,156648,0,156648,31,ST,South Tripura,Tripura West,false,true,false,Male,,,,,,
Subal Bhowmik,http://myneta.info/tripura2018/candidate.php?candidate_id=6014,SONAMURA,BJP,1,Graduate Professional,5560202,0,5560202,22,GEN,Sipahijala,Tripura West,true,true,true,Male,,,,,,
Subal Debarma,http://myneta.info/tripura2018/candidate.php?candidate_id=6051,KARBOOK,North East India Development Party,0,10th Pass,101000,0,101000,43,ST,Gomati,Tripura East,false,false,false,Male,,,,,,
Subal Sarkar,http://myneta.info/tripura2018/candidate.php?candidate_id=5772,KAMALASAGAR,AMB,0,10th Pass,560000,0,560000,15,GEN,West Tripura,Tripura West,false,true,false,Male,,,,,,
Subir Sen Ghosh,http://myneta.info/tripura2018/candidate.php?candidate_id=6045,AMARPUR,AITC,0,Graduate,139445,0,139445,42,GEN,Gomati,Tripura East,false,true,false,Male,,,,,,
Subodh Debbarma,http://myneta.info/tripura2018/candidate.php?candidate_id=5873,SIMNA,IND,0,10th Pass,258809,0,258809,1,ST,West Tripura,Tripura West,false,false,false,Male,,,,,,
Subrata Bhowmik,http://myneta.info/tripura2018/candidate.php?candidate_id=5838,BANAMALIPUR,IND,0,Graduate Professional,8554500,75000,8479500,9,GEN,West Tripura,Tripura West,true,true,false,Male,,,,,,
Subrata Malakar,http://myneta.info/tripura2018/candidate.php?candidate_id=5983,PABIACHARA,IND,0,8th Pass,1172000,199500,972500,50,SC,Unakoti,Tripura East,false,true,false,Male,,,,,,
Suchitra Debbarma,http://myneta.info/tripura2018/candidate.php?candidate_id=5784,ASHARAMBARI,AMB,1,10th Pass,11255,0,11255,26,ST,Khowai,Tripura East,true,true,false,Female,,,,,,
Sudarshan Majumder,http://myneta.info/tripura2018/candidate.php?candidate_id=5951,HRISHYAMUKH,IND,0,Graduate,0,0,0,37,GEN,South Tripura,Tripura East,false,false,false,Male,,,,,,
Sudhan Das,http://myneta.info/tripura2018/candidate.php?candidate_id=5793,RAJNAGAR,CPI(M),0,12th Pass,4023826,1173382,2850444,34,SC,South Tripura,Tripura West,false,true,false,Male,http://myneta.info/tripura2018/index.php?action=affidavitComparison&myneta_folder2=tripura2013&id1=5793&id2=163,4023826,2020413,2003413,99%,PAN was missing last time
Sudhangshu Das,http://myneta.info/tripura2018/candidate.php?candidate_id=5986,FATIKROY,BJP,0,Graduate,1406926,120000,1286926,51,SC,Unakoti,Tripura East,true,true,false,Male,,,,,,
Sujit Mandal,http://myneta.info/tripura2018/candidate.php?candidate_id=5884,BARJALA,IND,0,10th Pass,260000,0,260000,4,SC,West Tripura,Tripura West,false,true,false,Male,,,,,,
Sukhamay Saha,http://myneta.info/tripura2018/candidate.php?candidate_id=6006,KHAYERPUR,INC,0,Post Graduate,8570878,0,8570878,5,GEN,West Tripura,Tripura West,true,true,false,Male,,,,,,
Surajit Datta,http://myneta.info/tripura2018/candidate.php?candidate_id=5889,RAMNAGAR,BJP,0,12th Pass,4642383,328474,4313909,7,GEN,West Tripura,Tripura West,false,true,false,Male,,,,,,
Surendra Debbarma,http://myneta.info/tripura2018/candidate.php?candidate_id=5934,ASHARAMBARI,INC,0,8th Pass,53500,5000,48500,26,ST,Khowai,Tripura East,true,false,false,Male,,,,,,
Sushanta Chowdhury,http://myneta.info/tripura2018/candidate.php?candidate_id=6010,MAJLISHPUR,BJP,2,Graduate Professional,4730195,4850000,-119805,10,GEN,West Tripura,Tripura West,true,true,true,Male,,,,,,
Sushil Malakar,http://myneta.info/tripura2018/candidate.php?candidate_id=5826,SURMA,IND,0,5th Pass,148900,35000,113900,46,SC,Dhalai,Tripura East,false,true,false,Male,,,,,,
Swagata Das,http://myneta.info/tripura2018/candidate.php?candidate_id=5984,PABIACHARA,INC,0,Graduate,95000,0,95000,50,SC,Unakoti,Tripura East,false,true,false,Male,,,,,,
Swapanananda Das,http://myneta.info/tripura2018/candidate.php?candidate_id=5880,BAMUTIA,INC,0,Graduate,49907,0,49907,3,SC,West Tripura,Tripura West,false,true,false,Male,,,,,,
Tapan Chakrabarti,http://myneta.info/tripura2018/candidate.php?candidate_id=5818,CHANDIPUR,CPI(M),0,Graduate,4936914,0,4936914,52,GEN,Unakoti,Tripura East,true,true,false,Male,http://myneta.info/tripura2018/index.php?action=affidavitComparison&myneta_folder2=tripura2013&id1=5818&id2=206,4936914,2286120,2650794,116%,
Tapan Chandra Das,http://myneta.info/tripura2018/candidate.php?candidate_id=5779,NALCHAR,CPI(M),0,Graduate,8940072,750000,8190072,21,SC,Sipahijala,Tripura West,false,true,false,Male,http://myneta.info/tripura2018/index.php?action=affidavitComparison&myneta_folder2=tripura2013&id1=5779&id2=135,8940072,5956442,2983630,50%,
Tapas Kumar Das,http://myneta.info/tripura2018/candidate.php?candidate_id=5968,SURMA,INC,0,Graduate,2382660,99476,2283184,46,SC,Dhalai,Tripura East,false,true,false,Male,,,,,,
Tarani Debbarma,http://myneta.info/tripura2018/candidate.php?candidate_id=5929,RAMCHANDRAGHAT,INC,0,10th Pass,65967,26000,39967,24,ST,Khowai,Tripura East,false,true,false,Male,,,,,,
Tarani Sadhan Jamatia,http://myneta.info/tripura2018/candidate.php?candidate_id=6037,MATARBARI,Indigenous Nationalist Party of Twipra,0,8th Pass,212017,0,212017,32,ST,Gomati,Tripura West,false,false,false,Male,,,,,,
Tinku Roy,http://myneta.info/tripura2018/candidate.php?candidate_id=5995,KADAMTALA-KURTI,BJP,0,12th Pass,27000160,600000,26400160,54,GEN,North Tripura,Tripura East,true,true,false,Male,,,,,,
Tunubala Malakar,http://myneta.info/tripura2018/candidate.php?candidate_id=5817,FATIKROY,CPI(M),0,10th Pass,812972,1144182,-331210,51,SC,Unakoti,Tripura East,false,true,false,Female,http://myneta.info/tripura2018/index.php?action=affidavitComparison&myneta_folder2=tripura2013&id1=5817&id2=203,812972,220993,591979,268%,
Uma Sankar Debbarma,http://myneta.info/tripura2018/candidate.php?candidate_id=5922,CHARILAM,Indigenous Nationalist Party of Twipra,0,Graduate,500000,0,500000,19,ST,Sipahijala,Tripura West,false,false,false,Male,,,,,,
Umakanta Tripura,http://myneta.info/tripura2018/candidate.php?candidate_id=5812,KARAMCHARA,CPI(M),0,12th Pass,96489,300000,-203511,48,ST,Dhalai,Tripura East,false,false,false,Male,,,,,,
Utpal Das,http://myneta.info/tripura2018/candidate.php?candidate_id=5883,BARJALA,AITC,0,10th Pass,2078000,700000,1378000,4,SC,West Tripura,Tripura West,true,true,false,Male,,,,,,
Uttam Dhupi,http://myneta.info/tripura2018/candidate.php?candidate_id=5943,RAJNAGAR,CPI(ML)(L),0,5th Pass,1524000,0,1524000,34,SC,South Tripura,Tripura West,true,false,false,Male,,,,,,
Uttam Kumar Das,http://myneta.info/tripura2018/candidate.php?candidate_id=5786,KALYANPUR-PRAMODNAGAR,AMB,0,Graduate,350845,0,350845,27,GEN,Khowai,Tripura East,false,true,false,Male,,,,,,